show_id,director_id
s8,25458
s9,25459
s10,25460
s13,25461
s25,25462
s28,25463
s29,25464
s30,25465
s39,25466
s42,25467
s43,25468
s44,25469
s45,25470
s47,25471
s49,15903
s52,25472
s53,25472
s54,25472
s55,25472
s57,25473
s58,25474
s59,25473
s60,25474
s61,25473
s62,25475
s63,25476
s64,25477
s74,25478
s82,25479
s85,25480
s85,225
s91,25481
s95,25482
s97,25483
s106,25484
s108,277
s115,25485
s116,25486
s117,17847
s119,25487
s123,25486
s127,25488
s128,25489
s130,25490
s132,25491
s134,25492
s135,25493
s136,25494
s137,25495
s138,25496
s139,25490
s140,436
s141,25497
s142,25498
s143,25499
s144,25500
s145,25501
s146,25502
s146,25503
s147,25504
s150,25505
s151,25506
s152,25507
s152,25508
s153,25509
s156,23992
s157,25510
s158,25511
s159,25512
s160,25513
s162,25514
s163,25501
s164,25515
s165,25516
s167,25517
s168,25518
s168,25519
s169,25520
s169,23805
s170,25521
s171,25522
s172,25523
s173,18734
s174,25524
s175,15903
s176,25525
s177,25526
s178,25527
s179,25528
s179,759
s180,25529
s183,25530
s184,25521
s189,790
s189,791
s191,25531
s192,25532
s193,25533
s196,25534
s199,25478
s200,25535
s201,25536
s202,25537
s202,25538
s203,25539
s204,25540
s205,25533
s206,25541
s207,25542
s208,25543
s209,25544
s210,25544
s211,25545
s212,25546
s216,25543
s217,25547
s217,25548
s218,25544
s228,25549
s229,25550
s230,25551
s232,969
s248,25552
s252,25553
s254,25554
s260,25555
s265,25556
s268,25486
s271,25557
s274,25558
s277,25559
s279,25560
s280,25561
s282,25562
s283,25563
s285,25564
s286,25565
s293,1966
s294,25566
s296,25567
s298,25568
s298,25569
s298,25570
s298,25571
s298,25572
s298,993
s298,25573
s298,25574
s298,1125
s299,25575
s300,25576
s301,25577
s301,25578
s302,876
s304,25579
s305,25580
s306,25581
s307,25582
s308,25583
s309,25584
s315,25585
s316,25586
s317,25587
s326,25588
s327,25589
s328,25590
s329,25591
s330,25467
s331,25592
s331,25593
s333,25494
s334,25594
s335,25595
s336,25596
s338,25597
s341,25598
s342,25599
s343,25600
s344,25601
s345,25601
s346,25602
s347,25603
s348,16591
s349,25604
s350,25605
s351,780
s352,1422
s353,25606
s354,25607
s355,25608
s356,25609
s357,25610
s358,25611
s359,25612
s360,436
s361,19130
s366,25613
s375,25614
s378,25615
s381,25616
s384,25617
s390,25618
s393,21501
s394,25619
s403,21304
s411,25620
s416,25620
s427,25621
s427,1593
s430,25622
s434,25623
s437,25624
s438,25625
s440,25626
s440,25627
s440,25628
s440,25629
s440,25630
s446,21741
s447,25631
s448,25632
s449,25632
s450,25633
s451,25634
s452,25635
s453,25636
s461,25637
s461,25638
s464,25639
s464,25640
s470,25641
s475,25642
s487,25643
s487,25644
s490,25645
s492,25646
s493,25647
s495,16780
s497,25648
s503,25649
s504,25650
s507,25651
s509,25652
s519,25653
s529,25654
s529,25655
s530,8554
s532,25656
s532,25657
s532,25658
s535,1829
s542,25659
s543,25660
s552,25661
s555,1103
s556,25662
s557,25663
s558,25664
s558,25665
s559,25666
s560,25521
s562,25667
s563,25667
s564,25667
s565,25599
s567,25668
s568,25669
s569,25600
s570,25670
s573,25671
s574,25672
s574,25673
s575,25674
s576,25675
s577,25676
s579,25677
s580,25678
s582,25679
s583,19130
s584,25680
s585,25681
s586,25682
s590,25683
s592,25684
s593,25685
s594,25686
s595,16861
s596,25687
s597,2116
s598,25688
s599,25689
s600,25690
s601,25691
s602,25692
s603,25692
s604,25692
s605,25693
s606,25694
s607,25695
s608,25696
s609,25697
s610,25698
s611,25699
s612,25700
s612,25701
s613,25702
s614,25703
s615,19525
s616,25704
s619,25705
s623,25706
s631,25707
s635,25708
s636,25709
s637,25710
s644,25711
s651,25712
s652,25713
s655,25714
s656,25714
s657,25714
s677,25715
s682,25716
s686,21445
s689,25575
s695,25717
s699,25718
s702,25719
s703,25720
s706,2415
s709,25721
s712,25722
s717,25723
s719,25724
s722,25725
s723,25726
s724,25727
s727,25728
s727,25729
s729,25730
s736,25731
s737,25732
s738,25733
s740,25734
s741,25735
s742,25736
s743,25737
s743,25738
s744,25739
s746,25740
s747,25739
s748,25741
s751,25742
s753,25743
s755,25744
s757,25745
s758,25746
s759,25747
s763,25748
s765,25749
s766,25750
s767,25751
s769,25752
s771,2628
s774,25753
s775,25754
s776,25755
s777,25756
s778,25757
s778,25758
s780,25759
s783,25760
s784,25761
s785,25762
s787,15688
s788,25763
s789,25764
s791,25765
s792,25766
s793,16939
s794,25767
s795,25768
s797,24059
s798,25769
s799,25770
s800,780
s801,25771
s802,2828
s803,25772
s804,25773
s805,25774
s809,15688
s810,25775
s811,25694
s813,25776
s815,2889
s817,25777
s818,25778
s819,2913
s820,780
s822,25779
s823,25780
s824,25781
s825,25782
s827,2950
s829,25783
s835,25784
s837,25785
s839,25786
s840,25717
s841,25787
s847,25788
s851,25789
s854,25790
s860,25791
s864,25792
s866,25793
s867,25794
s867,25795
s871,25796
s872,25797
s873,25798
s874,25799
s878,25800
s879,25801
s880,25802
s882,25803
s883,25804
s886,25805
s888,25806
s890,25807
s892,25808
s893,25809
s895,25810
s896,25811
s900,25812
s902,25813
s904,25814
s905,25815
s906,25816
s907,3578
s910,25817
s911,25818
s914,25819
s915,3246
s916,25820
s917,25821
s918,25822
s918,25823
s923,25824
s925,17977
s927,15181
s929,25825
s931,25775
s932,25826
s933,25827
s934,25490
s935,25828
s936,25829
s936,3335
s936,5184
s943,780
s944,25830
s945,25831
s946,25832
s947,25833
s948,25834
s949,25835
s950,25836
s951,25837
s952,25838
s953,25839
s954,25840
s955,25841
s955,25842
s956,25843
s957,19090
s960,25844
s963,25845
s967,25846
s970,25847
s971,25848
s972,25849
s974,25850
s975,7179
s977,25851
s978,25852
s979,25853
s980,25854
s980,25855
s981,25854
s982,25856
s983,25857
s984,25858
s985,25859
s986,25860
s987,25860
s989,25861
s990,25862
s991,25853
s992,25863
s995,25575
s996,3578
s996,25856
s997,25864
s1000,25865
s1002,25866
s1003,25867
s1014,25868
s1016,358
s1017,25869
s1018,25870
s1019,25871
s1020,3643
s1021,25872
s1022,25873
s1022,25874
s1023,3622
s1024,25875
s1024,25876
s1024,25877
s1024,24367
s1025,25878
s1027,25879
s1028,7645
s1030,25880
s1031,25881
s1032,25882
s1034,659
s1035,24052
s1035,24051
s1036,25883
s1037,25884
s1037,20549
s1038,25885
s1040,3765
s1042,25886
s1042,25887
s1043,25888
s1047,25889
s1051,25890
s1053,25599
s1054,25891
s1056,25892
s1067,25893
s1068,25894
s1070,25895
s1081,25896
s1084,25897
s1086,25898
s1087,25899
s1088,25653
s1089,25900
s1090,25901
s1090,25902
s1091,25903
s1099,25904
s1100,25905
s1101,25906
s1102,25907
s1103,25908
s1104,25909
s1105,25564
s1106,25910
s1107,3954
s1107,25911
s1108,25912
s1109,25913
s1110,25914
s1110,25915
s1111,25916
s1112,25917
s1113,25918
s1114,25833
s1115,25919
s1116,25920
s1119,25921
s1120,25922
s1121,25923
s1122,25465
s1123,25924
s1125,25925
s1127,25926
s1129,25927
s1132,25928
s1134,15688
s1135,12167
s1135,25929
s1136,25930
s1137,25931
s1137,25932
s1138,25933
s1139,25934
s1140,25935
s1141,25936
s1142,25568
s1143,25937
s1145,25938
s1146,25939
s1148,25940
s1151,25941
s1152,25942
s1154,25943
s1155,25944
s1157,25945
s1161,25946
s1163,25947
s1165,25948
s1166,25949
s1168,25950
s1171,25951
s1173,10904
s1174,25952
s1176,25695
s1177,25953
s1178,25954
s1179,25955
s1185,25956
s1186,25957
s1188,25958
s1189,25959
s1190,25960
s1191,25961
s1192,25962
s1192,25963
s1193,25964
s1195,25965
s1196,25966
s1198,25304
s1199,25967
s1200,22308
s1203,25968
s1204,25467
s1209,4373
s1210,25969
s1212,4391
s1213,25970
s1216,25971
s1217,25972
s1219,25973
s1220,25974
s1221,25975
s1222,25976
s1223,25977
s1223,25978
s1224,25979
s1224,25980
s1229,25981
s1231,25982
s1233,25983
s1234,25575
s1237,25984
s1238,25985
s1240,25986
s1241,25490
s1242,4533
s1244,25987
s1245,25988
s1249,25989
s1252,4534
s1253,25990
s1254,22016
s1254,25991
s1255,16780
s1257,25992
s1259,25993
s1259,25994
s1260,18099
s1261,25995
s1262,25996
s1264,25997
s1265,25998
s1266,25999
s1267,25996
s1268,25815
s1270,26000
s1274,26001
s1279,25960
s1282,26002
s1284,25921
s1285,25921
s1287,26003
s1289,25634
s1291,26004
s1292,26005
s1294,26006
s1294,26007
s1294,26008
s1294,26009
s1296,26010
s1298,26011
s1305,26012
s1306,26013
s1308,26014
s1310,26015
s1312,4771
s1313,26016
s1316,26017
s1317,26018
s1319,26019
s1320,26020
s1323,26021
s1324,26022
s1325,12428
s1326,26023
s1327,26024
s1328,12428
s1330,26025
s1331,26026
s1334,25775
s1335,26027
s1337,26028
s1338,26029
s1341,26030
s1342,26031
s1343,26032
s1345,26033
s1346,26034
s1347,26035
s1348,26036
s1352,26037
s1354,25463
s1358,26038
s1359,26039
s1360,25550
s1361,26040
s1365,5927
s1367,26041
s1368,26042
s1369,26043
s1370,26044
s1371,26045
s1373,26046
s1375,26047
s1377,26048
s1379,26049
s1380,26050
s1387,26051
s1388,26052
s1389,26053
s1390,26054
s1391,26055
s1392,696
s1394,26056
s1397,26057
s1398,26058
s1399,26059
s1400,26060
s1400,26061
s1404,26062
s1406,26063
s1407,25829
s1407,26064
s1408,26065
s1410,1668
s1411,10503
s1412,26066
s1413,26067
s1414,25931
s1415,26068
s1415,26069
s1416,5229
s1418,26070
s1420,26071
s1422,26072
s1422,26073
s1423,26074
s1424,26075
s1425,26076
s1427,26074
s1429,26077
s1433,26078
s1434,26079
s1435,26080
s1435,26081
s1436,26082
s1439,26083
s1442,852
s1445,25684
s1446,26084
s1447,26085
s1448,26086
s1451,2384
s1452,26087
s1453,26088
s1454,26089
s1455,26090
s1457,2138
s1459,26091
s1460,26092
s1462,26093
s1464,26094
s1465,26095
s1465,26096
s1468,26097
s1469,26098
s1470,25490
s1471,26099
s1473,26100
s1475,26101
s1476,11775
s1482,26102
s1485,26103
s1485,5436
s1486,26104
s1487,26105
s1487,26106
s1489,5448
s1491,26107
s1492,26108
s1494,26109
s1495,25792
s1496,26110
s1497,26111
s1498,26112
s1499,26113
s1499,26114
s1500,2121
s1501,26115
s1502,25838
s1503,26116
s1505,26117
s1505,26118
s1508,26119
s1510,26120
s1511,26121
s1512,26122
s1513,26123
s1514,97
s1516,26124
s1518,26125
s1520,26126
s1521,26127
s1521,26128
s1521,1125
s1521,26129
s1522,26126
s1523,26126
s1524,26130
s1525,26131
s1526,26132
s1527,25718
s1530,26133
s1531,26134
s1533,26135
s1533,26136
s1535,26137
s1537,26138
s1538,26139
s1541,26140
s1543,3616
s1545,26141
s1550,26142
s1551,26143
s1559,26144
s1559,26145
s1561,26146
s1562,26147
s1564,26148
s1566,26149
s1567,25881
s1568,26137
s1569,26137
s1572,26150
s1576,26151
s1577,26152
s1581,26153
s1581,26154
s1581,26155
s1583,25944
s1585,25304
s1588,26156
s1588,26157
s1588,26158
s1589,26159
s1592,26160
s1592,26161
s1593,5851
s1596,25691
s1598,26162
s1599,26163
s1600,26164
s1602,26165
s1603,26166
s1605,26167
s1607,26168
s1609,25668
s1610,26169
s1611,659
s1613,5927
s1614,26170
s1617,26171
s1618,2590
s1621,26172
s1622,25496
s1625,659
s1627,546
s1630,26173
s1631,26174
s1632,26175
s1633,26176
s1634,26177
s1636,9356
s1636,26178
s1637,26179
s1638,26180
s1643,26181
s1644,26182
s1645,26183
s1646,26184
s1647,26185
s1648,26112
s1649,26186
s1651,26120
s1652,26187
s1654,26188
s1655,25912
s1656,26189
s1656,26190
s1657,659
s1658,26191
s1660,26192
s1661,26193
s1663,26194
s1664,2374
s1665,25792
s1666,26195
s1667,26196
s1672,26197
s1674,5467
s1675,12120
s1676,26198
s1677,26199
s1678,26112
s1679,5467
s1680,876
s1681,25999
s1682,26200
s1683,26112
s1684,26201
s1686,26202
s1687,26203
s1690,26204
s1692,26205
s1695,652
s1695,18216
s1696,26205
s1700,26206
s1701,26015
s1703,26207
s1704,26208
s1706,26209
s1707,26210
s1708,26112
s1710,26211
s1711,26212
s1713,25538
s1714,26213
s1715,25935
s1716,26214
s1721,26215
s1726,17417
s1728,26216
s1729,26217
s1729,26218
s1729,26219
s1730,3400
s1732,6405
s1733,25718
s1735,26220
s1736,26221
s1737,26222
s1740,26205
s1742,26223
s1743,26224
s1744,26225
s1748,26226
s1748,26227
s1750,26228
s1752,26229
s1753,26229
s1754,26230
s1762,26231
s1763,17331
s1764,26232
s1765,22308
s1768,26058
s1769,26233
s1771,26143
s1772,26234
s1773,26235
s1775,26236
s1776,26237
s1777,26238
s1778,26239
s1781,26240
s1784,26241
s1785,26242
s1786,26243
s1788,26244
s1789,26245
s1794,245
s1795,26246
s1795,26247
s1796,26248
s1797,26249
s1798,26250
s1799,26251
s1802,26252
s1803,26253
s1807,26254
s1808,26255
s1809,26256
s1810,26112
s1811,26257
s1812,26258
s1813,26259
s1815,26260
s1816,26107
s1817,15688
s1818,26261
s1819,6752
s1820,26262
s1821,6752
s1822,6752
s1823,26261
s1824,6771
s1825,26263
s1826,26264
s1827,26261
s1828,6752
s1830,26265
s1831,26266
s1832,26261
s1833,26267
s1834,26268
s1834,26269
s1836,26270
s1837,26271
s1837,26272
s1839,26273
s1841,26274
s1843,26275
s1844,26276
s1845,26277
s1846,26278
s1847,26279
s1850,25931
s1851,26280
s1856,26281
s1856,26282
s1857,26283
s1859,26284
s1860,25942
s1862,26285
s1863,26286
s1864,26287
s1866,5300
s1867,26248
s1868,26011
s1870,26288
s1871,25852
s1873,6962
s1875,6969
s1875,26289
s1877,26290
s1880,25556
s1881,26291
s1882,26292
s1883,26293
s1884,26294
s1885,22679
s1887,26295
s1887,26296
s1887,26297
s1888,26298
s1889,26299
s1892,26300
s1897,25741
s1898,24906
s1899,26301
s1900,25859
s1901,26302
s1902,26303
s1903,26304
s1904,26305
s1905,26306
s1905,26307
s1906,26308
s1910,25605
s1913,475
s1917,26309
s1921,26310
s1922,26311
s1925,26312
s1928,26313
s1931,26314
s1932,26315
s1936,26316
s1937,26317
s1938,26318
s1939,7180
s1940,26319
s1941,876
s1942,26284
s1943,26319
s1944,6178
s1945,26285
s1946,26320
s1947,26321
s1951,26322
s1958,26323
s1960,26324
s1961,26325
s1961,26326
s1964,26327
s1965,26328
s1966,26328
s1966,26329
s1967,26328
s1967,26329
s1968,26330
s1970,26328
s1971,26331
s1972,14455
s1973,26332
s1975,7981
s1976,26333
s1977,26334
s1978,26335
s1982,7322
s1983,26336
s1985,26083
s1986,26337
s1988,26338
s1996,26339
s1997,26340
s1998,26341
s1999,26342
s2001,26343
s2002,26344
s2004,25482
s2006,26345
s2008,26346
s2011,26347
s2012,26348
s2016,22668
s2017,26349
s2018,915
s2019,915
s2020,26350
s2021,26351
s2023,26352
s2024,26353
s2025,25853
s2026,306
s2027,26354
s2028,26355
s2028,26356
s2029,26357
s2030,25668
s2031,26358
s2032,26359
s2035,26360
s2036,26361
s2037,26362
s2040,21333
s2044,26363
s2046,26364
s2047,25749
s2049,26365
s2050,25718
s2051,26366
s2051,26367
s2052,26368
s2053,26369
s2056,26370
s2057,26371
s2058,26372
s2060,26373
s2061,26255
s2062,26374
s2066,26375
s2068,26376
s2072,5183
s2073,26377
s2075,26378
s2076,26379
s2077,26380
s2077,26381
s2077,26382
s2078,26383
s2080,25482
s2081,26384
s2082,26385
s2082,26386
s2083,26387
s2084,26388
s2085,26389
s2088,26390
s2088,26391
s2089,26392
s2091,26393
s2092,26394
s2093,26395
s2095,7755
s2096,26396
s2101,26397
s2104,26398
s2105,26399
s2108,26400
s2109,26401
s2111,26402
s2112,25497
s2116,26403
s2117,26404
s2118,26405
s2121,26406
s2122,26407
s2127,3643
s2130,26408
s2131,26409
s2132,25942
s2133,26410
s2133,26411
s2138,26412
s2139,26339
s2140,26339
s2142,26413
s2143,25687
s2144,26414
s2147,26415
s2150,26416
s2151,26417
s2155,7922
s2156,26107
s2160,26418
s2162,26419
s2164,26420
s2168,26421
s2170,26116
s2172,21000
s2173,26422
s2177,25725
s2178,26423
s2180,26424
s2184,26425
s2186,26426
s2186,26427
s2187,26428
s2188,26429
s2188,26430
s2189,26431
s2192,26432
s2194,26433
s2196,26434
s2197,26435
s2198,26436
s2199,26437
s2203,26438
s2205,26439
s2206,26440
s2207,26441
s2208,26442
s2208,26443
s2209,26189
s2209,26190
s2210,26444
s2211,26445
s2212,26446
s2214,25564
s2216,26447
s2217,26448
s2221,26449
s2222,26450
s2222,26451
s2225,26452
s2232,26453
s2232,26454
s2233,26455
s2234,8123
s2235,26456
s2240,26457
s2241,26458
s2243,26459
s2245,8143
s2245,26460
s2248,26461
s2251,26462
s2252,26463
s2257,26464
s2258,26465
s2258,26466
s2260,26467
s2261,26468
s2261,26469
s2263,26470
s2263,26471
s2265,26472
s2266,26473
s2267,26474
s2268,5467
s2268,25542
s2268,26475
s2268,26476
s2269,26477
s2270,26478
s2271,25541
s2272,26479
s2273,14717
s2274,26480
s2275,13310
s2276,26481
s2277,24906
s2278,26482
s2279,26483
s2280,25999
s2281,22668
s2282,16185
s2283,26484
s2284,26485
s2285,26486
s2286,26487
s2286,26488
s2287,26489
s2288,26490
s2289,25568
s2290,26491
s2291,26492
s2292,26493
s2295,26494
s2296,26495
s2297,26496
s2301,26497
s2303,26498
s2303,26499
s2305,26500
s2305,26501
s2308,26502
s2309,26503
s2310,3516
s2311,26504
s2312,26505
s2313,3516
s2315,25808
s2316,26506
s2318,26507
s2320,26508
s2322,25960
s2324,26509
s2325,26495
s2326,9679
s2329,18755
s2331,26510
s2333,26511
s2334,26512
s2337,26513
s2339,26514
s2340,26515
s2341,26515
s2343,26516
s2345,26517
s2346,26518
s2348,8479
s2349,26519
s2351,26520
s2351,26521
s2352,26522
s2354,26523
s2355,8554
s2357,26524
s2359,26525
s2361,25851
s2362,8554
s2364,26526
s2365,26527
s2365,26528
s2366,8554
s2367,8554
s2368,8554
s2369,8554
s2370,8554
s2372,26512
s2373,26529
s2374,8554
s2375,26530
s2376,8554
s2377,8554
s2378,26531
s2380,26532
s2381,26533
s2382,26509
s2383,26534
s2386,26535
s2387,26304
s2388,26519
s2390,26536
s2392,25985
s2392,26537
s2393,26538
s2394,436
s2398,26539
s2399,26540
s2403,26541
s2404,26542
s2406,25715
s2408,26543
s2411,25898
s2412,26544
s2413,26545
s2413,26546
s2414,26547
s2414,26548
s2415,8753
s2417,13033
s2419,26549
s2420,26550
s2421,5467
s2422,26456
s2424,26551
s2425,26552
s2428,26553
s2429,26554
s2430,26357
s2431,2033
s2434,26555
s2435,26556
s2436,26555
s2438,26557
s2439,26402
s2440,26558
s2442,26559
s2443,26560
s2444,26561
s2446,26562
s2447,26563
s2449,26564
s2452,26565
s2455,758
s2456,26566
s2457,26567
s2458,26568
s2459,26569
s2461,8554
s2464,26570
s2465,26570
s2466,26571
s2468,26572
s2469,26573
s2470,26574
s2471,26575
s2472,26576
s2472,5295
s2475,25903
s2476,1829
s2478,1103
s2479,26577
s2479,26578
s2479,26579
s2480,26580
s2481,26581
s2481,26582
s2481,9014
s2481,9015
s2481,9016
s2482,26495
s2483,26583
s2486,26584
s2488,26585
s2491,26586
s2492,26587
s2493,26588
s2493,26589
s2494,26590
s2495,26591
s2495,26592
s2497,26593
s2498,12428
s2499,26594
s2501,26595
s2502,26596
s2503,26560
s2504,26597
s2505,26598
s2506,26599
s2507,26599
s2508,26600
s2510,26555
s2511,26598
s2512,26601
s2513,26558
s2514,26602
s2517,26603
s2521,26604
s2522,26605
s2523,26265
s2528,26606
s2532,25985
s2532,26537
s2533,25985
s2533,26537
s2534,26607
s2535,26608
s2537,25563
s2538,26609
s2539,26610
s2540,26611
s2541,26414
s2542,26612
s2544,26613
s2545,26614
s2546,26248
s2548,26615
s2550,26616
s2551,26617
s2554,26618
s2554,26619
s2554,26620
s2554,26621
s2556,26622
s2557,26623
s2558,9284
s2559,1829
s2560,26624
s2562,26625
s2563,26626
s2564,10138
s2565,26627
s2566,26628
s2567,26629
s2568,25948
s2571,26143
s2572,26630
s2573,26143
s2574,26631
s2577,26632
s2578,26633
s2579,26634
s2580,26178
s2580,9356
s2583,25829
s2583,3335
s2585,26635
s2588,26636
s2590,12321
s2592,26637
s2593,25520
s2593,23805
s2597,26638
s2598,26639
s2602,26640
s2603,26641
s2604,26642
s2604,26643
s2606,3578
s2608,7048
s2611,26644
s2613,4373
s2613,26645
s2614,9441
s2615,26646
s2615,26647
s2616,26648
s2617,25860
s2618,26649
s2619,25862
s2621,3578
s2622,3578
s2623,26650
s2624,26357
s2625,26651
s2626,6178
s2627,26652
s2630,26653
s2631,26402
s2633,26039
s2634,26654
s2635,26655
s2636,17288
s2637,26656
s2638,26657
s2639,26357
s2643,26658
s2645,26659
s2647,26660
s2648,26660
s2650,25931
s2651,26661
s2654,26662
s2655,26404
s2656,26663
s2657,18216
s2660,26664
s2664,26665
s2668,9606
s2669,25984
s2672,26666
s2673,26667
s2674,26445
s2675,26668
s2676,26669
s2676,26670
s2678,26671
s2678,26672
s2679,26673
s2680,26674
s2681,26675
s2682,26676
s2683,26677
s2684,26678
s2686,26679
s2687,26680
s2688,26238
s2689,7048
s2691,26681
s2694,26682
s2695,26683
s2695,26684
s2696,26685
s2697,26686
s2698,26687
s2701,26688
s2702,21378
s2703,26689
s2704,26690
s2705,26691
s2706,26692
s2707,26693
s2708,25766
s2710,26694
s2713,26695
s2715,26696
s2716,26697
s2717,26698
s2718,25620
s2720,9786
s2720,26699
s2721,26700
s2722,26701
s2723,23999
s2724,26702
s2725,26703
s2726,23999
s2727,25661
s2729,25875
s2730,26704
s2731,26475
s2732,26475
s2733,26705
s2734,26706
s2735,26475
s2736,26490
s2739,26707
s2742,26708
s2745,26709
s2745,26710
s2746,26711
s2748,26712
s2750,26713
s2751,26714
s2755,26715
s2756,26716
s2757,26717
s2758,26718
s2759,26719
s2761,26720
s2763,25725
s2764,26190
s2764,26189
s2767,26721
s2769,26722
s2770,9924
s2770,26723
s2771,26386
s2771,26385
s2772,26724
s2774,26725
s2776,26726
s2779,26727
s2781,26728
s2782,26729
s2782,26730
s2783,26731
s2790,26732
s2797,26733
s2799,26734
s2800,26735
s2800,26736
s2801,9982
s2802,26737
s2804,26738
s2807,26739
s2810,26740
s2811,26741
s2816,26742
s2818,26743
s2820,26744
s2821,10024
s2822,26745
s2823,26746
s2824,26747
s2829,26748
s2830,2116
s2833,25566
s2834,26749
s2835,26750
s2836,26751
s2837,17331
s2838,26752
s2840,26753
s2843,26754
s2844,10098
s2845,26755
s2845,26756
s2846,10098
s2847,26757
s2848,26758
s2848,26759
s2849,10138
s2850,26600
s2851,26760
s2852,26761
s2853,26762
s2854,26763
s2857,26764
s2860,26765
s2861,26039
s2862,26766
s2863,26767
s2864,25599
s2866,26768
s2868,26389
s2874,26769
s2877,26770
s2877,26771
s2878,26772
s2878,26773
s2878,26310
s2878,26774
s2878,26775
s2879,26776
s2880,25965
s2882,26457
s2883,26404
s2886,25622
s2887,26777
s2888,26778
s2890,26779
s2891,26780
s2896,26781
s2897,26782
s2898,26783
s2899,26784
s2900,26785
s2904,1249
s2905,26786
s2906,26787
s2907,26345
s2908,26788
s2909,26789
s2912,26790
s2912,26791
s2913,26792
s2914,26793
s2915,26794
s2916,26795
s2917,3643
s2919,25562
s2920,26796
s2920,26797
s2920,26798
s2924,26799
s2924,26800
s2925,26801
s2925,26802
s2926,26019
s2929,5295
s2929,26576
s2931,26110
s2933,26803
s2934,26804
s2935,26805
s2936,26806
s2937,26807
s2940,26808
s2941,26809
s2944,26810
s2947,26811
s2947,26812
s2948,26813
s2950,23607
s2950,26814
s2951,26815
s2952,10480
s2953,26816
s2955,26782
s2956,26817
s2957,26818
s2958,26515
s2961,26819
s2962,26820
s2963,26821
s2964,26822
s2969,26823
s2970,26515
s2971,26824
s2973,26825
s2974,26511
s2976,26826
s2979,23413
s2982,26827
s2986,26828
s2987,25982
s2988,3616
s2988,26829
s2989,26830
s2989,26831
s2990,26832
s2991,26833
s2996,26834
s2997,25751
s3000,26835
s3003,26836
s3003,26837
s3004,26838
s3005,26839
s3007,26840
s3008,10653
s3009,21741
s3010,10662
s3015,26841
s3017,26842
s3018,10681
s3019,26843
s3020,26578
s3022,26844
s3023,26845
s3024,26846
s3026,26847
s3027,26848
s3028,26849
s3028,26850
s3030,26662
s3032,26851
s3033,26852
s3037,26478
s3039,1936
s3042,15688
s3044,26853
s3045,26854
s3047,26855
s3049,26608
s3052,26856
s3055,26857
s3058,26858
s3058,26859
s3059,26858
s3059,26860
s3060,26858
s3061,5467
s3061,25542
s3061,26475
s3061,26476
s3062,25727
s3063,26861
s3069,7645
s3070,26862
s3071,26856
s3074,26863
s3078,10863
s3079,26864
s3081,26865
s3082,26866
s3090,26867
s3091,26868
s3092,10907
s3095,26869
s3097,26870
s3098,25927
s3099,26871
s3099,26872
s3100,26873
s3101,15688
s3102,26874
s3102,26875
s3103,25798
s3105,26876
s3106,26877
s3108,26878
s3110,26879
s3111,26880
s3113,7048
s3115,26881
s3117,26882
s3124,26883
s3125,26884
s3125,26885
s3125,26886
s3125,26887
s3125,26888
s3125,26889
s3125,26890
s3125,26891
s3125,26892
s3125,26893
s3125,26894
s3126,26406
s3127,26895
s3131,26509
s3132,4139
s3133,26476
s3134,4139
s3135,4139
s3136,26896
s3137,25869
s3138,26897
s3140,26898
s3141,26899
s3142,26900
s3143,4139
s3144,26476
s3145,26497
s3146,26901
s3148,26898
s3150,26476
s3151,26902
s3152,25703
s3153,26903
s3156,26904
s3158,26905
s3159,26906
s3160,26557
s3161,26907
s3162,26908
s3163,21307
s3164,26909
s3165,26910
s3167,25912
s3170,26911
s3171,26912
s3172,26913
s3175,26914
s3179,7048
s3180,7048
s3181,26915
s3187,26916
s3189,26917
s3190,26918
s3191,26919
s3192,26920
s3194,26921
s3196,26922
s3198,26923
s3199,26924
s3201,26925
s3202,26926
s3203,26927
s3203,11222
s3204,26928
s3206,26929
s3206,26930
s3207,26931
s3208,7890
s3210,26456
s3211,26932
s3212,26933
s3215,26934
s3216,26935
s3218,26453
s3219,26203
s3224,26936
s3225,26937
s3227,11284
s3227,26938
s3228,26039
s3229,26630
s3230,26423
s3234,26939
s3236,25766
s3238,26940
s3240,26897
s3245,23607
s3245,26814
s3249,26941
s3251,26942
s3252,26943
s3254,26944
s3255,26945
s3257,26946
s3261,26947
s3262,26038
s3263,17945
s3265,26948
s3266,26949
s3267,26950
s3268,26951
s3269,14067
s3269,26952
s3273,26953
s3274,11385
s3279,26954
s3281,26955
s3286,26956
s3290,26957
s3291,26140
s3297,26958
s3298,26959
s3300,26960
s3301,26961
s3303,26962
s3304,10138
s3306,16695
s3308,26963
s3309,26964
s3310,26203
s3312,26965
s3313,11467
s3316,26421
s3318,26421
s3319,26966
s3320,26967
s3320,26968
s3321,26969
s3322,26970
s3323,25564
s3324,26971
s3325,26972
s3327,26973
s3330,26974
s3332,26975
s3333,26976
s3335,26700
s3338,25666
s3339,20440
s3344,26977
s3348,26978
s3349,26979
s3354,11579
s3354,26980
s3355,26981
s3357,26982
s3359,26983
s3360,26984
s3363,26184
s3367,26985
s3372,25851
s3373,26986
s3380,26987
s3381,26988
s3384,26989
s3385,26990
s3385,26991
s3387,26992
s3388,26993
s3389,26994
s3390,26260
s3392,26995
s3393,25566
s3399,26996
s3403,3578
s3406,14678
s3408,26997
s3410,26998
s3412,26238
s3413,26999
s3414,27000
s3420,27001
s3422,26996
s3423,27002
s3424,27003
s3425,27004
s3426,27005
s3426,11734
s3428,25853
s3429,27006
s3430,25611
s3432,27007
s3433,26641
s3435,27008
s3439,27009
s3440,27010
s3442,26664
s3444,26110
s3447,27011
s3449,27012
s3451,27013
s3452,27014
s3457,27015
s3457,26423
s3460,27016
s3462,27017
s3466,27018
s3472,27019
s3473,27020
s3473,27021
s3476,27022
s3476,27023
s3477,26911
s3478,27024
s3479,26343
s3481,27025
s3483,3506
s3485,27026
s3487,27027
s3488,27028
s3495,27029
s3496,25960
s3497,27030
s3498,27031
s3499,8259
s3501,16647
s3504,27032
s3507,27033
s3507,27034
s3508,25862
s3510,27035
s3512,26388
s3513,25962
s3514,27036
s3515,27037
s3517,26007
s3518,27038
s3519,27039
s3521,25860
s3523,27040
s3524,27041
s3529,25987
s3531,27042
s3532,27043
s3533,27044
s3534,25857
s3537,27045
s3538,27046
s3542,27047
s3543,27048
s3543,27049
s3545,26176
s3546,26568
s3549,25948
s3550,27050
s3555,27051
s3556,25838
s3557,27052
s3558,27053
s3560,27054
s3561,27055
s3564,27056
s3565,27057
s3566,27058
s3567,27059
s3570,27060
s3573,26137
s3575,27061
s3583,27062
s3584,25735
s3587,27063
s3590,26108
s3590,5467
s3591,27064
s3591,27065
s3591,26216
s3591,27066
s3591,27067
s3591,27068
s3591,27069
s3592,26674
s3594,27070
s3595,27071
s3596,27072
s3603,27073
s3604,12139
s3604,27074
s3606,19996
s3614,27075
s3615,27075
s3617,27076
s3618,27077
s3619,25881
s3620,26907
s3621,23413
s3623,26625
s3624,27078
s3626,27079
s3627,26822
s3631,12183
s3632,27080
s3635,27081
s3638,27082
s3639,26920
s3640,27083
s3642,25497
s3646,27084
s3647,26685
s3647,12224
s3648,27085
s3649,27086
s3650,20578
s3650,27087
s3651,27088
s3653,27089
s3654,9296
s3658,26455
s3659,27090
s3662,27091
s3663,27092
s3669,27093
s3671,27094
s3673,27095
s3676,27096
s3680,5325
s3694,26916
s3699,27097
s3700,27098
s3702,27099
s3704,27100
s3707,27101
s3710,25599
s3712,25751
s3712,27102
s3714,27076
s3716,27103
s3718,26388
s3718,27104
s3719,27105
s3720,27106
s3720,27107
s3720,27108
s3721,27109
s3729,27109
s3729,27110
s3730,27111
s3730,27112
s3731,27113
s3732,26689
s3734,26685
s3735,27114
s3736,27115
s3740,12720
s3741,27116
s3748,26640
s3754,27117
s3757,27118
s3758,27119
s3759,23413
s3760,26039
s3762,27120
s3764,27121
s3765,27122
s3766,27123
s3767,27124
s3768,27125
s3769,27126
s3772,25501
s3773,27127
s3774,26953
s3776,27128
s3777,26600
s3782,27129
s3784,27130
s3786,25714
s3787,27131
s3789,25533
s3791,27132
s3792,27133
s3794,27134
s3798,27135
s3799,25668
s3801,27136
s3805,27137
s3806,26916
s3814,27138
s3816,27139
s3817,27140
s3819,27141
s3820,27142
s3821,27143
s3823,27144
s3826,27145
s3830,26421
s3831,12619
s3833,27146
s3834,27147
s3835,27148
s3837,27034
s3842,4533
s3843,5433
s3859,27149
s3861,27150
s3863,27151
s3864,25728
s3866,27152
s3867,27153
s3869,27154
s3870,15903
s3872,27155
s3873,27156
s3874,12712
s3875,27157
s3876,27158
s3878,26600
s3886,27159
s3889,25948
s3890,3578
s3891,27160
s3895,27161
s3900,27162
s3904,27163
s3905,27164
s3906,5698
s3907,27165
s3909,27166
s3911,17847
s3912,27167
s3914,24906
s3915,27076
s3916,27168
s3917,27169
s3918,27170
s3919,27171
s3920,26317
s3922,27051
s3923,27172
s3924,27172
s3927,27173
s3929,27174
s3929,27175
s3929,27176
s3929,27177
s3930,25948
s3931,27178
s3933,27179
s3936,27180
s3940,25572
s3946,11644
s3949,27119
s3949,27181
s3951,27182
s3952,27183
s3953,26203
s3955,27184
s3956,27185
s3958,27186
s3960,27187
s3961,27188
s3963,27189
s3964,27190
s3967,27191
s3973,27192
s3974,25931
s3975,26664
s3976,27193
s3978,27194
s3979,27195
s3979,27196
s3983,27197
s3986,26085
s3991,27198
s3992,27199
s3993,26163
s3994,27200
s3995,26149
s3996,26929
s3998,27201
s3998,27202
s4000,13026
s4001,27203
s4003,27204
s4004,27205
s4005,27139
s4006,27206
s4008,25962
s4009,25727
s4009,27207
s4010,25962
s4011,25727
s4012,27208
s4014,26304
s4018,27200
s4019,27209
s4020,27199
s4021,26149
s4022,26112
s4025,27210
s4032,27211
s4032,27212
s4034,27213
s4035,27214
s4037,27215
s4038,26601
s4039,27198
s4040,27209
s4041,25718
s4042,27216
s4046,27217
s4047,25881
s4048,26221
s4049,27218
s4052,27219
s4054,27220
s4059,27221
s4060,27222
s4061,27223
s4063,1983
s4065,27224
s4065,27225
s4066,25743
s4067,27226
s4068,27227
s4069,26112
s4070,27198
s4071,25881
s4072,25881
s4073,18873
s4074,26112
s4075,26112
s4076,26112
s4077,26112
s4078,26255
s4079,27209
s4081,21859
s4082,27228
s4083,27229
s4084,26664
s4086,27230
s4087,27231
s4088,27232
s4089,3484
s4092,27233
s4093,27234
s4094,27235
s4095,27236
s4096,27237
s4098,27238
s4099,27239
s4101,27240
s4102,27241
s4103,24906
s4104,7180
s4105,27242
s4107,27243
s4108,27244
s4109,27245
s4111,13339
s4111,13338
s4113,27246
s4114,27247
s4116,26673
s4121,26998
s4122,27248
s4124,27249
s4125,27250
s4129,26580
s4134,27251
s4135,27252
s4137,27253
s4137,27254
s4139,27255
s4140,27256
s4147,27257
s4148,27258
s4149,25513
s4152,26921
s4153,27259
s4155,27260
s4156,27261
s4158,27262
s4159,27263
s4160,25931
s4161,27264
s4162,25931
s4162,27265
s4165,27266
s4166,27267
s4166,27268
s4170,27269
s4174,27270
s4174,27271
s4175,27272
s4178,27273
s4181,27274
s4182,27275
s4183,25817
s4187,27276
s4189,25574
s4191,27277
s4192,27278
s4193,27279
s4194,27280
s4195,27119
s4196,27119
s4198,27281
s4199,26255
s4205,27282
s4206,27283
s4209,27284
s4209,27285
s4210,22569
s4211,27286
s4212,27287
s4213,27288
s4215,1219
s4218,13590
s4218,13591
s4220,27289
s4222,27290
s4223,27084
s4224,26770
s4225,27291
s4226,9371
s4229,27292
s4230,27292
s4232,27293
s4233,27293
s4234,27294
s4234,27295
s4238,27296
s4239,27296
s4240,27296
s4244,27297
s4245,27298
s4247,27299
s4248,27299
s4249,27084
s4250,27300
s4253,27301
s4256,27302
s4260,27303
s4263,27304
s4268,13662
s4269,27305
s4278,27306
s4279,13688
s4281,27307
s4282,27308
s4283,27309
s4284,27310
s4285,25681
s4285,3019
s4286,27311
s4287,26865
s4288,27312
s4290,27313
s4290,27314
s4292,27315
s4293,27316
s4294,27317
s4295,27318
s4296,27319
s4298,27320
s4300,27299
s4302,27299
s4304,27321
s4307,27322
s4315,26600
s4316,27323
s4318,27324
s4320,13780
s4322,27325
s4325,27326
s4329,27327
s4330,27328
s4331,27329
s4333,27330
s4334,27331
s4335,27332
s4336,27333
s4337,7088
s4338,27331
s4339,27331
s4340,27334
s4342,27335
s4342,27336
s4343,27337
s4344,27328
s4346,27338
s4347,13875
s4349,27339
s4350,27340
s4352,26915
s4353,26169
s4355,27341
s4355,27342
s4356,27343
s4358,10868
s4359,27170
s4361,27344
s4362,27345
s4365,27346
s4365,27347
s4370,27348
s4371,27349
s4374,27350
s4375,27119
s4376,13945
s4378,27351
s4379,27352
s4383,27353
s4384,27354
s4386,26672
s4386,26671
s4389,27355
s4391,26205
s4392,27356
s4393,27357
s4395,27358
s4395,27359
s4396,27360
s4397,26217
s4397,26218
s4398,27361
s4402,588
s4403,27362
s4405,27363
s4412,27364
s4415,27365
s4418,27366
s4419,14065
s4420,27367
s4421,27368
s4422,27369
s4423,27370
s4424,27370
s4425,27371
s4426,14085
s4427,25538
s4428,26284
s4429,26205
s4430,25569
s4430,27372
s4432,27373
s4433,16185
s4434,27374
s4435,27375
s4436,27376
s4438,27377
s4439,27369
s4440,27378
s4441,25544
s4442,27379
s4443,27380
s4444,27381
s4445,27382
s4446,26901
s4447,27383
s4448,27384
s4449,27385
s4450,25538
s4451,26907
s4452,14717
s4453,27386
s4454,27369
s4455,25542
s4456,7981
s4457,27387
s4458,26074
s4459,27388
s4460,14181
s4461,27389
s4463,27390
s4464,15014
s4465,26201
s4467,25872
s4468,27391
s4469,27266
s4471,26449
s4473,27392
s4474,27393
s4478,27394
s4481,27072
s4483,25556
s4485,15688
s4487,27395
s4487,27396
s4491,27102
s4493,26531
s4494,27397
s4497,27398
s4500,27399
s4501,27357
s4503,27400
s4506,27401
s4507,27402
s4508,25919
s4510,27403
s4511,27404
s4513,27405
s4516,27406
s4520,27407
s4523,25827
s4525,27408
s4525,27409
s4526,27054
s4527,27410
s4529,21177
s4533,27411
s4534,27412
s4538,27413
s4539,27414
s4540,15688
s4541,13589
s4541,27415
s4545,13589
s4546,27416
s4548,27417
s4548,27418
s4549,27419
s4549,27420
s4553,13591
s4555,27418
s4557,27421
s4558,26205
s4559,25617
s4560,27422
s4561,14395
s4562,27132
s4563,5467
s4564,27423
s4566,26706
s4568,27377
s4569,27424
s4570,27425
s4572,25538
s4573,27426
s4574,3643
s4575,27427
s4576,27428
s4577,27426
s4578,14067
s4579,27429
s4580,27430
s4581,26712
s4582,14455
s4583,27431
s4584,27432
s4585,27334
s4586,27377
s4587,12321
s4588,27433
s4589,27434
s4590,27435
s4591,27435
s4592,27436
s4593,27400
s4594,27437
s4595,26921
s4596,27438
s4597,27439
s4598,27440
s4599,27441
s4600,27442
s4601,26488
s4601,26487
s4602,26487
s4602,26488
s4603,27443
s4604,27444
s4606,27445
s4608,27383
s4610,27446
s4611,26108
s4612,27422
s4613,27447
s4614,9778
s4615,27448
s4616,27449
s4617,27450
s4618,27451
s4619,27452
s4620,27453
s4625,27119
s4627,27454
s4631,4625
s4631,27455
s4642,27456
s4643,27457
s4647,27458
s4650,27459
s4657,27460
s4657,27461
s4658,27462
s4660,27463
s4661,25919
s4662,26388
s4665,8038
s4666,26240
s4667,27464
s4668,27465
s4669,27466
s4670,27467
s4672,13038
s4676,26210
s4680,27468
s4681,27245
s4682,27469
s4684,27470
s4686,27471
s4687,27472
s4688,14880
s4689,26675
s4691,27473
s4692,27474
s4693,27475
s4694,27476
s4695,27477
s4698,27478
s4699,27479
s4700,27480
s4701,26108
s4702,27481
s4706,27482
s4707,27483
s4708,27484
s4709,26571
s4713,27485
s4714,27486
s4715,27487
s4716,27488
s4716,27489
s4716,27490
s4719,15209
s4720,27428
s4721,26490
s4721,27491
s4722,27379
s4723,26901
s4724,27492
s4725,27493
s4726,27428
s4727,6178
s4728,26703
s4729,26636
s4730,27494
s4731,3643
s4732,26074
s4733,27132
s4734,14071
s4735,6178
s4736,27495
s4737,26321
s4738,27428
s4740,27496
s4740,27497
s4741,27498
s4746,27499
s4747,27499
s4749,27500
s4750,27501
s4750,27502
s4752,27503
s4756,26931
s4757,26946
s4758,26752
s4761,27504
s4766,26910
s4769,25858
s4770,27284
s4770,27285
s4771,25619
s4774,26878
s4775,27505
s4776,27506
s4780,27507
s4782,27501
s4782,27502
s4783,27508
s4784,27509
s4785,27510
s4786,27389
s4787,27511
s4788,27511
s4789,26600
s4790,27512
s4791,27513
s4792,2950
s4792,26957
s4793,27430
s4794,27514
s4795,25973
s4796,27356
s4797,8461
s4798,26614
s4800,27515
s4801,13310
s4803,27516
s4804,26685
s4806,27517
s4807,27518
s4809,27501
s4809,27502
s4811,27519
s4813,27520
s4815,23413
s4817,27521
s4818,27522
s4820,27523
s4823,27524
s4824,26573
s4824,27525
s4826,26476
s4826,26475
s4826,5467
s4826,25542
s4827,27526
s4829,26613
s4830,27527
s4831,27528
s4834,27529
s4835,27530
s4836,27165
s4840,27531
s4841,27532
s4843,2116
s4844,15006
s4848,27533
s4850,27501
s4850,27502
s4851,27534
s4852,26600
s4855,3019
s4856,10904
s4859,27535
s4861,26491
s4862,27536
s4864,26685
s4865,27537
s4865,27538
s4867,27501
s4867,27502
s4869,25564
s4871,27539
s4872,27540
s4873,27541
s4874,27350
s4876,27542
s4877,27543
s4879,27544
s4881,27545
s4882,27546
s4883,27547
s4884,25948
s4885,27548
s4886,27549
s4887,27550
s4889,27551
s4890,27552
s4891,26591
s4892,26205
s4894,27553
s4900,25569
s4902,27554
s4903,27555
s4905,27556
s4906,27557
s4908,27558
s4910,27559
s4913,27560
s4916,27561
s4917,27562
s4917,27563
s4918,27564
s4918,27565
s4918,27566
s4919,27567
s4920,27568
s4921,27569
s4922,25739
s4924,27570
s4928,25961
s4929,27571
s4930,27572
s4932,27573
s4933,27574
s4935,27575
s4936,27576
s4937,27577
s4938,27578
s4939,26664
s4940,8624
s4941,27501
s4941,27502
s4944,27579
s4945,27580
s4946,27581
s4948,27582
s4949,25569
s4951,26664
s4953,27583
s4954,27584
s4955,27583
s4956,20308
s4957,27430
s4959,27585
s4960,27586
s4961,27587
s4963,27501
s4963,27502
s4964,27588
s4966,27472
s4967,27472
s4969,27589
s4970,26920
s4971,27117
s4972,27590
s4973,360
s4975,27591
s4976,27592
s4978,27593
s4983,27594
s4984,27595
s4987,27596
s4988,27597
s4990,27598
s4991,27599
s4992,27600
s4994,27601
s4997,27602
s4997,27603
s4999,25727
s5002,27501
s5002,27502
s5003,27501
s5003,27502
s5004,27604
s5007,27605
s5008,25554
s5009,25554
s5010,25541
s5011,696
s5012,27606
s5013,27607
s5014,27608
s5015,3643
s5016,9014
s5016,9015
s5016,9016
s5017,9014
s5017,9015
s5017,9016
s5018,9014
s5018,9015
s5018,9016
s5019,27472
s5020,27472
s5021,27609
s5022,25554
s5023,27610
s5025,26600
s5026,26846
s5029,27611
s5032,27612
s5034,27613
s5035,27614
s5038,27615
s5040,2950
s5041,8329
s5042,27616
s5042,27617
s5043,27618
s5045,27619
s5048,27620
s5051,27621
s5052,27622
s5054,25553
s5056,15470
s5057,27623
s5059,27624
s5059,27625
s5060,11910
s5061,26539
s5063,27501
s5063,27502
s5065,27626
s5067,27501
s5067,27502
s5068,27627
s5072,26539
s5073,27628
s5074,25087
s5074,27629
s5075,27630
s5077,27501
s5077,27502
s5078,27284
s5078,27285
s5080,27631
s5080,16524
s5081,27632
s5082,27633
s5084,27634
s5085,27635
s5087,26685
s5089,27636
s5092,27637
s5093,26738
s5094,27638
s5097,27639
s5101,27054
s5102,27640
s5103,2078
s5105,27641
s5107,5851
s5108,15242
s5109,27084
s5111,17250
s5112,27642
s5114,25793
s5115,27643
s5116,27644
s5116,26205
s5117,27645
s5118,27574
s5122,25666
s5123,27646
s5124,27647
s5125,27648
s5128,26600
s5130,26208
s5131,16524
s5132,27631
s5132,16524
s5134,27649
s5135,27084
s5136,6178
s5137,27650
s5138,15670
s5138,15668
s5143,27651
s5144,27652
s5144,27653
s5145,27654
s5147,26541
s5149,27655
s5149,27656
s5152,7189
s5154,27657
s5159,2913
s5159,27658
s5161,27659
s5162,25960
s5163,27660
s5164,25918
s5165,25966
s5168,26783
s5172,26600
s5173,27661
s5175,27662
s5177,27501
s5177,27502
s5178,27240
s5180,27663
s5182,27664
s5184,26321
s5187,27665
s5188,27666
s5189,27667
s5189,27211
s5190,27668
s5191,27669
s5197,10197
s5198,24743
s5199,27670
s5200,27350
s5202,1363
s5203,27671
s5204,21501
s5205,27672
s5208,26987
s5212,27673
s5213,15791
s5214,27539
s5215,25544
s5218,27674
s5219,27675
s5221,27676
s5223,15814
s5224,27677
s5225,27502
s5227,25668
s5228,26911
s5229,27678
s5230,27679
s5231,26685
s5235,27680
s5236,27681
s5239,27682
s5242,27683
s5249,27684
s5250,27685
s5250,27686
s5253,27637
s5256,27687
s5261,27688
s5262,27689
s5265,27690
s5266,27691
s5267,27692
s5268,27693
s5269,27694
s5270,26374
s5271,1249
s5274,27695
s5277,25727
s5278,27696
s5280,27697
s5280,27698
s5283,27479
s5284,2116
s5291,27632
s5293,27699
s5294,27699
s5295,27700
s5297,27632
s5301,27701
s5303,27702
s5304,1843
s5305,16524
s5307,27703
s5309,27704
s5309,27705
s5310,27631
s5310,16524
s5311,27269
s5311,27706
s5312,27707
s5313,27708
s5314,27709
s5315,27706
s5315,27269
s5316,26600
s5317,27710
s5318,27711
s5319,27712
s5320,26600
s5323,27713
s5323,27714
s5324,27715
s5326,27084
s5327,27084
s5329,25781
s5330,27716
s5331,27717
s5332,25735
s5333,27718
s5334,25666
s5335,27719
s5338,27719
s5341,27720
s5342,27721
s5343,27501
s5343,27502
s5344,16044
s5345,27722
s5347,26445
s5352,27723
s5354,27724
s5359,27725
s5360,25619
s5362,27726
s5365,27727
s5369,27728
s5370,27092
s5372,27729
s5373,27730
s5374,27731
s5375,26036
s5376,16114
s5378,27732
s5379,27084
s5380,27084
s5382,16125
s5386,16138
s5388,27733
s5389,27734
s5390,25619
s5392,1166
s5395,27735
s5397,27736
s5399,27737
s5401,1166
s5403,27738
s5409,16524
s5412,27739
s5416,25662
s5417,27740
s5418,25828
s5420,27741
s5421,27491
s5424,27742
s5424,27743
s5425,27627
s5429,27744
s5430,16227
s5431,27745
s5432,16265
s5433,27746
s5436,27747
s5441,27748
s5442,27749
s5443,27357
s5443,27750
s5444,26503
s5447,27751
s5448,16524
s5449,27752
s5450,27753
s5451,16265
s5452,27752
s5453,13763
s5454,27754
s5455,27755
s5456,27756
s5461,27756
s5462,1166
s5463,16524
s5464,27757
s5467,27752
s5469,25992
s5470,27428
s5473,27758
s5474,26978
s5475,27759
s5477,27285
s5479,27760
s5479,27761
s5481,26664
s5482,27632
s5483,27762
s5484,27763
s5486,27632
s5487,27764
s5488,25767
s5490,27765
s5490,27766
s5490,27767
s5491,27768
s5492,27769
s5493,27770
s5494,6820
s5496,27502
s5496,27501
s5497,27771
s5498,27772
s5499,27773
s5500,23999
s5501,27774
s5502,10571
s5503,11315
s5505,27775
s5506,27776
s5507,27777
s5508,27778
s5508,27779
s5512,436
s5513,27780
s5516,27781
s5517,27782
s5518,27783
s5518,27784
s5519,26600
s5523,27785
s5525,27786
s5526,27084
s5527,5851
s5528,5851
s5529,5851
s5530,27787
s5531,25478
s5532,27788
s5533,27789
s5534,27790
s5535,27791
s5536,26203
s5537,27792
s5537,27793
s5540,27093
s5541,27794
s5544,27795
s5545,27796
s5546,27797
s5547,27798
s5548,27799
s5550,27800
s5551,6858
s5552,27801
s5553,27802
s5556,27803
s5557,27804
s5558,23413
s5560,26674
s5561,27805
s5562,27806
s5563,27054
s5565,16502
s5566,27807
s5569,27808
s5571,27809
s5572,27810
s5573,27811
s5574,27812
s5574,27813
s5575,27814
s5577,23413
s5578,27815
s5580,27816
s5582,3578
s5583,13026
s5585,27817
s5587,26630
s5587,9331
s5588,25869
s5589,27818
s5590,27819
s5591,4708
s5595,27351
s5596,27229
s5597,26297
s5598,27820
s5600,14717
s5601,27821
s5605,4947
s5606,27822
s5607,27823
s5608,27824
s5611,3041
s5614,16647
s5614,16646
s5615,27501
s5615,27502
s5616,27825
s5617,876
s5618,27583
s5619,27516
s5620,27826
s5621,27827
s5622,27828
s5623,26685
s5624,27829
s5625,27830
s5626,27831
s5627,27832
s5628,26600
s5629,27833
s5630,27834
s5631,16694
s5632,16695
s5633,27835
s5634,27836
s5635,27837
s5636,27838
s5638,27839
s5639,27840
s5640,27841
s5642,27842
s5643,27843
s5644,27844
s5645,27845
s5646,27846
s5647,26907
s5648,16777
s5649,27847
s5649,26064
s5650,11315
s5652,26319
s5653,18751
s5657,27848
s5658,2817
s5658,27849
s5660,26821
s5661,25962
s5662,27850
s5664,27851
s5665,27852
s5667,27853
s5675,27854
s5677,27855
s5679,27501
s5679,27502
s5680,27231
s5682,27856
s5683,27857
s5686,27858
s5688,27231
s5689,27859
s5690,27860
s5692,27861
s5694,27862
s5695,27863
s5697,27864
s5698,2145
s5699,27865
s5702,27866
s5703,16888
s5705,27867
s5706,27868
s5707,27869
s5709,26302
s5710,27870
s5711,27464
s5712,27502
s5712,27871
s5713,23413
s5713,27872
s5714,9296
s5715,26619
s5718,27873
s5719,27874
s5720,25830
s5722,27875
s5725,26600
s5727,27876
s5734,27877
s5734,27878
s5736,27879
s5737,27350
s5738,27880
s5739,2268
s5740,27881
s5741,2899
s5743,27882
s5744,27883
s5746,27884
s5747,27885
s5748,27699
s5749,27297
s5750,27297
s5751,16981
s5755,27237
s5756,2181
s5757,27886
s5759,27887
s5761,27888
s5762,27256
s5765,27889
s5766,27890
s5768,312
s5771,27050
s5773,27691
s5774,27435
s5775,27891
s5777,27892
s5779,27893
s5780,27894
s5780,27895
s5781,27896
s5785,27539
s5793,27897
s5794,25960
s5797,27898
s5809,26685
s5810,27899
s5811,27900
s5816,27901
s5817,25960
s5818,26685
s5819,27084
s5820,27902
s5821,27901
s5825,478
s5827,27903
s5829,27904
s5831,27905
s5832,25728
s5833,27906
s5834,27464
s5835,25477
s5836,26664
s5838,27907
s5838,27908
s5838,27909
s5838,27910
s5838,27911
s5838,27912
s5838,27464
s5838,27913
s5838,27914
s5838,27915
s5838,27167
s5840,27501
s5840,27502
s5841,27916
s5842,26449
s5843,2950
s5843,26957
s5847,27790
s5848,26685
s5849,3041
s5852,27917
s5852,27918
s5853,27637
s5858,27919
s5859,27920
s5860,26592
s5861,17154
s5861,17155
s5862,27921
s5865,27922
s5866,27846
s5869,26907
s5873,27501
s5873,27502
s5874,26449
s5875,26449
s5876,26685
s5877,27923
s5879,27924
s5880,27925
s5881,26582
s5881,9014
s5881,9015
s5881,9016
s5882,21741
s5884,27926
s5885,26877
s5887,27927
s5888,25638
s5888,27928
s5888,27929
s5888,27930
s5888,27931
s5888,27932
s5888,27933
s5888,27934
s5888,27935
s5888,27936
s5888,27937
s5888,27938
s5888,27939
s5889,17945
s5890,27940
s5891,27941
s5892,16323
s5893,27942
s5893,27943
s5895,26685
s5897,27367
s5898,17246
s5898,27944
s5899,26467
s5900,26685
s5902,27945
s5902,27946
s5904,17250
s5905,27947
s5906,27948
s5908,27949
s5910,27950
s5912,26907
s5913,27951
s5914,27740
s5916,12308
s5917,17266
s5918,27077
s5922,26685
s5925,26907
s5928,17267
s5929,27856
s5931,27952
s5931,27953
s5932,27954
s5932,27955
s5935,27956
s5936,27957
s5937,27958
s5938,27959
s5939,27960
s5939,27961
s5942,27962
s5943,27963
s5944,27964
s5945,27965
s5946,27966
s5947,27967
s5948,27968
s5949,27969
s5950,27970
s5951,27971
s5952,27972
s5953,27973
s5954,27974
s5954,27975
s5955,27976
s5956,27977
s5957,27978
s5958,27979
s5959,27980
s5960,25465
s5961,27981
s5962,27982
s5963,26013
s5964,17417
s5966,25827
s5967,27189
s5969,27983
s5970,27984
s5971,27985
s5974,27986
s5976,27987
s5977,25851
s5978,27988
s5980,27989
s5981,23681
s5982,25833
s5986,17489
s5988,27990
s5989,27991
s5991,27992
s5992,27993
s5992,27994
s5993,27995
s5994,27996
s5995,27997
s5996,27998
s5997,27367
s5999,27999
s6000,28000
s6001,5770
s6001,28001
s6003,28002
s6004,28003
s6005,28004
s6006,28005
s6007,28006
s6009,28007
s6010,28008
s6012,28009
s6013,28010
s6014,28011
s6015,28012
s6016,28013
s6018,28014
s6019,28015
s6020,28016
s6021,27406
s6022,28017
s6023,28018
s6024,18333
s6025,28019
s6026,28020
s6026,28021
s6028,5770
s6028,28001
s6029,28022
s6030,27077
s6031,28023
s6032,28024
s6033,28025
s6034,17702
s6035,19951
s6036,27370
s6037,28026
s6040,25735
s6041,28027
s6042,28028
s6043,28029
s6047,27210
s6050,27292
s6051,27459
s6052,28030
s6053,28031
s6054,26567
s6055,28032
s6056,28033
s6057,28034
s6058,26671
s6058,26672
s6059,28035
s6060,404
s6061,443
s6062,26089
s6063,28036
s6064,26491
s6066,12428
s6069,28037
s6070,28038
s6071,25856
s6072,28039
s6073,28040
s6074,26074
s6075,17847
s6076,28041
s6077,27985
s6079,27046
s6080,25952
s6080,28042
s6081,28043
s6082,25634
s6082,21445
s6083,28044
s6084,28045
s6085,28046
s6086,28047
s6087,28048
s6087,28049
s6088,4391
s6089,28050
s6091,28051
s6092,28052
s6093,28053
s6094,28054
s6098,26339
s6099,28055
s6100,28056
s6104,27468
s6105,28057
s6107,28058
s6108,26487
s6108,26488
s6110,17967
s6111,28059
s6111,25858
s6112,26039
s6113,17976
s6114,17977
s6116,28060
s6117,28061
s6117,28062
s6117,28063
s6118,28064
s6119,28065
s6120,28066
s6121,28016
s6122,28067
s6123,4154
s6124,28068
s6125,28069
s6126,28069
s6129,28070
s6130,28071
s6131,28072
s6132,28073
s6134,28074
s6135,27315
s6136,28075
s6139,28076
s6141,28077
s6142,28078
s6143,28079
s6144,28080
s6145,28081
s6146,28082
s6148,28083
s6149,18102
s6150,28084
s6152,28061
s6153,28085
s6153,28086
s6154,28087
s6155,28087
s6156,26555
s6158,28088
s6159,28089
s6159,26647
s6160,28090
s6161,28091
s6163,3234
s6164,28092
s6165,28015
s6166,28093
s6169,28094
s6170,28095
s6171,28096
s6172,25938
s6173,28097
s6176,28098
s6177,28099
s6180,28100
s6180,28101
s6181,27145
s6182,28102
s6182,28103
s6183,28104
s6184,28105
s6185,28106
s6186,28107
s6187,18212
s6188,25997
s6189,28108
s6190,28109
s6191,28110
s6192,28111
s6193,28112
s6194,28113
s6196,28114
s6196,28115
s6197,15913
s6197,28116
s6198,28117
s6200,28118
s6201,28119
s6201,28120
s6202,28121
s6203,26477
s6204,28122
s6205,28123
s6206,28124
s6208,28125
s6209,28126
s6210,28127
s6211,28128
s6212,26902
s6213,26902
s6215,28129
s6216,28130
s6218,3437
s6218,19771
s6219,28131
s6221,28086
s6222,28132
s6223,28132
s6224,28133
s6225,25859
s6226,18376
s6227,28134
s6227,18384
s6228,28135
s6230,28136
s6231,28137
s6232,28138
s6233,28139
s6235,26502
s6236,28140
s6237,28141
s6238,27683
s6239,28142
s6239,28143
s6240,28144
s6241,28145
s6242,26374
s6243,28145
s6244,26374
s6244,28145
s6244,28143
s6245,28146
s6246,28147
s6247,26248
s6248,25515
s6249,26507
s6252,28148
s6255,28149
s6256,28150
s6257,28151
s6258,28152
s6261,28153
s6267,18507
s6268,28154
s6269,28155
s6269,28156
s6270,28105
s6271,28157
s6272,28036
s6273,27953
s6275,28158
s6278,28159
s6279,28160
s6281,28161
s6283,28162
s6284,28163
s6285,28163
s6286,25853
s6289,28164
s6290,28165
s6291,26402
s6293,28166
s6294,28167
s6297,25569
s6299,25569
s6300,25617
s6301,28168
s6303,18607
s6304,25463
s6306,26323
s6307,18621
s6308,28169
s6309,26873
s6310,18628
s6311,23413
s6312,28170
s6313,28171
s6313,28172
s6314,28173
s6315,28174
s6315,28175
s6315,28176
s6315,28177
s6316,28178
s6317,18665
s6318,28179
s6320,28180
s6321,28181
s6322,28182
s6323,25491
s6326,26212
s6327,28183
s6328,26986
s6329,28184
s6331,28185
s6332,120
s6333,28186
s6334,28187
s6335,28188
s6337,28189
s6338,28190
s6339,28191
s6340,28192
s6341,28193
s6343,27453
s6344,25756
s6345,28194
s6347,28195
s6349,28196
s6350,28197
s6351,23060
s6352,28198
s6352,28199
s6354,28200
s6354,28201
s6355,27933
s6355,28202
s6356,28203
s6357,28204
s6359,28205
s6360,28206
s6363,28207
s6363,28208
s6364,28209
s6366,28210
s6367,18849
s6368,28211
s6370,28212
s6371,17977
s6372,28213
s6373,28214
s6375,18873
s6376,18876
s6377,28215
s6378,28216
s6380,15903
s6381,28217
s6383,28218
s6384,28218
s6385,28218
s6387,28219
s6389,18905
s6391,28220
s6393,28221
s6395,28222
s6395,28223
s6396,28224
s6397,28225
s6398,28226
s6400,25903
s6401,28227
s6403,28228
s6404,27379
s6409,28229
s6410,28230
s6411,28231
s6413,28232
s6415,28233
s6415,28234
s6416,28235
s6419,28236
s6420,28237
s6422,28238
s6423,28239
s6424,19480
s6425,26729
s6425,26730
s6426,28240
s6428,25500
s6429,19038
s6430,19038
s6432,28241
s6434,26138
s6436,28242
s6437,28243
s6438,28244
s6439,28245
s6440,28246
s6441,25541
s6442,28247
s6443,28248
s6444,28249
s6445,28250
s6446,28251
s6447,25514
s6448,25668
s6449,28252
s6449,28253
s6450,25541
s6451,19090
s6453,19038
s6453,28254
s6454,28255
s6455,28256
s6459,25730
s6465,25620
s6465,28257
s6466,19123
s6467,28258
s6468,26404
s6469,6511
s6471,28259
s6473,28260
s6474,28261
s6475,28262
s6476,28263
s6477,10482
s6479,28264
s6480,28265
s6481,25596
s6482,28266
s6483,27709
s6485,28267
s6486,28149
s6487,21445
s6489,26882
s6489,28268
s6490,28269
s6492,28270
s6493,28271
s6494,28272
s6495,21178
s6497,28273
s6498,27925
s6500,28274
s6501,28275
s6502,28276
s6502,28277
s6502,28278
s6503,26526
s6504,28279
s6511,28280
s6512,25756
s6513,28281
s6516,28282
s6517,28283
s6518,27756
s6519,28284
s6523,25617
s6524,28285
s6527,26312
s6528,28286
s6529,28287
s6530,25851
s6531,25617
s6534,28288
s6535,26865
s6537,28289
s6538,28290
s6540,28291
s6540,28292
s6541,26052
s6542,28293
s6544,28294
s6545,28295
s6546,28296
s6547,28297
s6548,27172
s6549,28298
s6551,28299
s6552,28300
s6553,28301
s6554,28302
s6555,28303
s6556,28304
s6558,27530
s6559,28305
s6562,28306
s6563,25550
s6565,28307
s6566,28308
s6567,28309
s6568,28310
s6570,28311
s6571,28312
s6574,28313
s6575,19472
s6575,28314
s6576,26911
s6576,28315
s6577,28316
s6578,28317
s6579,28318
s6580,12224
s6581,28319
s6582,28043
s6583,28320
s6584,28321
s6585,28322
s6586,28323
s6589,26321
s6590,28324
s6590,28325
s6591,28326
s6593,28327
s6594,28190
s6596,28328
s6597,28329
s6598,28330
s6599,28331
s6600,28332
s6601,28333
s6603,3437
s6603,19771
s6605,26285
s6606,28334
s6607,28335
s6609,28336
s6610,28068
s6611,27762
s6613,25667
s6615,19601
s6616,19602
s6617,28337
s6618,25492
s6620,28338
s6621,28339
s6622,28340
s6623,19638
s6624,19480
s6625,28341
s6625,28342
s6625,28343
s6625,28344
s6625,28345
s6625,28346
s6625,28347
s6625,28348
s6625,28349
s6625,28350
s6626,28351
s6627,28352
s6628,28051
s6629,28051
s6630,28051
s6631,28353
s6632,28354
s6633,9331
s6634,27482
s6635,25763
s6637,19038
s6638,28355
s6640,28356
s6641,28357
s6641,28358
s6642,28359
s6643,28360
s6644,28361
s6645,28362
s6648,28363
s6650,28364
s6654,28365
s6655,28366
s6656,25960
s6657,28367
s6658,28368
s6662,28369
s6663,28370
s6665,26146
s6666,28371
s6667,28372
s6668,28373
s6669,3437
s6669,19771
s6670,27312
s6671,28374
s6676,27275
s6681,28375
s6683,28376
s6684,28377
s6684,28378
s6687,28379
s6688,28380
s6689,28381
s6690,28382
s6693,28383
s6695,28384
s6697,25793
s6699,28385
s6700,28386
s6701,28387
s6702,28388
s6703,25553
s6704,28389
s6705,28390
s6706,25579
s6707,28391
s6709,4571
s6711,25529
s6712,25679
s6713,28392
s6714,28034
s6716,25680
s6717,28393
s6720,28394
s6722,28395
s6723,25763
s6724,28396
s6726,25853
s6727,25853
s6728,25853
s6730,28397
s6731,28398
s6734,12720
s6735,28211
s6736,28272
s6737,19931
s6737,19922
s6739,28399
s6740,19943
s6741,28400
s6743,28401
s6744,13590
s6746,25522
s6747,28402
s6748,28403
s6749,19975
s6750,28404
s6752,28405
s6753,25903
s6754,28406
s6755,28407
s6756,28406
s6757,28408
s6758,28409
s6759,28410
s6760,25498
s6761,28411
s6763,28412
s6766,28413
s6768,28414
s6769,26402
s6770,28415
s6772,28416
s6772,28417
s6773,20035
s6777,10662
s6779,28418
s6780,28419
s6781,28420
s6782,28163
s6784,28421
s6784,28422
s6785,28423
s6791,28424
s6793,27482
s6794,28272
s6795,26911
s6797,28425
s6798,26510
s6799,25496
s6800,28426
s6801,26557
s6802,20103
s6802,28427
s6803,28428
s6805,28429
s6806,28430
s6808,28431
s6809,26172
s6810,28432
s6811,26295
s6814,25840
s6815,27775
s6817,28433
s6818,28434
s6819,28435
s6820,28436
s6822,28437
s6824,28438
s6827,26039
s6829,28439
s6830,28440
s6831,28441
s6832,28442
s6833,28443
s6838,28444
s6839,28445
s6840,28446
s6841,28330
s6843,28015
s6844,28447
s6845,26248
s6846,28448
s6847,28449
s6847,25473
s6848,26369
s6849,28449
s6851,28449
s6852,28450
s6853,28381
s6854,28451
s6854,28452
s6855,28453
s6856,27198
s6859,28454
s6860,28455
s6860,28456
s6861,28457
s6862,28454
s6863,28458
s6864,28459
s6865,28149
s6867,25500
s6868,28460
s6870,28461
s6871,876
s6873,28462
s6874,28463
s6875,28464
s6876,27542
s6877,28465
s6878,28466
s6879,2121
s6880,28467
s6881,26039
s6882,15618
s6883,26694
s6884,27619
s6885,28468
s6887,10573
s6888,9308
s6889,780
s6892,26285
s6893,28469
s6894,25525
s6897,27453
s6898,26365
s6903,28470
s6904,28147
s6905,9441
s6906,9441
s6909,28471
s6910,28036
s6911,12167
s6911,28472
s6911,28473
s6911,28474
s6911,28475
s6911,28476
s6911,28477
s6911,28478
s6911,28479
s6911,28480
s6911,28481
s6911,28482
s6912,28483
s6913,885
s6914,28484
s6915,28485
s6916,28486
s6917,25728
s6919,28487
s6921,28488
s6921,28489
s6922,28490
s6925,28491
s6925,20465
s6926,20473
s6928,28492
s6928,28493
s6929,28494
s6930,28495
s6932,26873
s6934,28496
s6935,28497
s6935,28498
s6937,25541
s6940,28499
s6941,28500
s6943,28501
s6944,26998
s6945,28502
s6946,28503
s6947,28504
s6948,28505
s6949,20533
s6950,28506
s6951,26253
s6953,28507
s6955,28508
s6955,28509
s6957,27363
s6958,7645
s6959,5325
s6960,28510
s6961,26707
s6962,28511
s6963,20578
s6965,28512
s6967,28513
s6968,28514
s6973,28515
s6974,28516
s6976,28517
s6978,25767
s6981,28518
s6983,28471
s6983,3516
s6984,28519
s6985,28520
s6985,28521
s6985,28522
s6985,28523
s6985,19090
s6985,27710
s6985,25464
s6985,28524
s6985,28525
s6987,20629
s6988,20629
s6989,28526
s6991,28527
s6992,28527
s6993,28528
s6994,28529
s6995,28012
s6996,28530
s6998,25811
s7000,28531
s7003,28532
s7004,28533
s7005,28534
s7006,16646
s7008,28535
s7009,28536
s7010,28537
s7011,28538
s7012,28539
s7013,28540
s7014,659
s7015,7519
s7016,28541
s7019,28542
s7021,28543
s7022,26278
s7022,28544
s7023,26515
s7024,28545
s7026,20738
s7027,27217
s7028,28546
s7031,28547
s7032,28547
s7033,26986
s7035,28548
s7036,27465
s7037,28549
s7037,28550
s7038,28551
s7039,28552
s7041,28553
s7043,26270
s7044,21065
s7045,28554
s7047,28113
s7048,28555
s7049,26389
s7050,28556
s7052,28557
s7053,28558
s7054,20822
s7056,28559
s7057,27084
s7058,28560
s7059,28561
s7061,28562
s7062,25845
s7063,28563
s7064,28564
s7065,23513
s7066,20862
s7068,24291
s7069,28565
s7071,25467
s7072,25467
s7073,25467
s7074,25467
s7075,28566
s7076,27660
s7078,21501
s7079,28567
s7080,28568
s7085,8629
s7087,28569
s7088,28570
s7089,25472
s7090,25472
s7091,25472
s7092,780
s7094,28571
s7095,17847
s7096,28572
s7097,28573
s7098,28574
s7100,28575
s7103,28576
s7104,25767
s7106,26854
s7107,28009
s7108,28577
s7110,26636
s7111,28578
s7111,28579
s7113,28580
s7114,21501
s7115,20970
s7116,27379
s7118,26147
s7119,27356
s7120,28581
s7122,19090
s7123,28535
s7125,27072
s7127,780
s7128,28582
s7129,28583
s7131,28584
s7133,28585
s7137,28586
s7138,28587
s7140,28588
s7141,28589
s7142,28590
s7145,25541
s7146,26915
s7148,28591
s7150,28592
s7151,28593
s7152,28277
s7152,28276
s7153,25838
s7154,27331
s7155,26673
s7157,28594
s7159,28595
s7160,1836
s7161,284
s7162,28596
s7163,28597
s7164,28598
s7165,27937
s7165,28599
s7165,28600
s7165,28601
s7165,28602
s7165,28603
s7165,28604
s7165,28605
s7165,28606
s7165,28607
s7166,16367
s7167,28608
s7168,28609
s7170,885
s7171,25585
s7172,28610
s7173,28611
s7174,28612
s7175,28040
s7176,28324
s7179,26203
s7179,28613
s7180,26203
s7180,28613
s7181,23413
s7182,28614
s7184,22499
s7187,25542
s7189,28149
s7190,28615
s7190,28616
s7191,28617
s7192,25955
s7193,28618
s7194,26911
s7195,26211
s7196,28185
s7198,21501
s7199,21501
s7200,28619
s7201,28620
s7202,28621
s7203,25710
s7204,26196
s7205,25465
s7206,28622
s7207,28623
s7208,28624
s7209,28625
s7211,23805
s7211,25520
s7212,28626
s7213,26487
s7213,26488
s7214,26057
s7217,28627
s7219,17945
s7220,28628
s7220,28629
s7221,28630
s7222,3140
s7224,28631
s7224,28632
s7225,28633
s7226,28634
s7231,28635
s7235,21307
s7237,28636
s7238,622
s7239,28637
s7240,21071
s7241,28638
s7242,25788
s7243,28639
s7245,18628
s7247,28640
s7248,27762
s7249,28641
s7250,28642
s7251,28643
s7251,28644
s7253,25892
s7254,28645
s7259,28646
s7260,28647
s7261,28648
s7262,28649
s7263,21378
s7266,915
s7268,28650
s7270,28651
s7271,28652
s7272,28653
s7273,28654
s7273,26083
s7275,28655
s7276,28656
s7277,28657
s7278,28657
s7281,28658
s7282,28659
s7283,25790
s7284,28660
s7285,19601
s7287,25464
s7289,28142
s7289,28661
s7293,28662
s7295,14054
s7296,28663
s7297,21441
s7299,26808
s7303,28664
s7304,27331
s7305,28665
s7306,28666
s7307,27628
s7309,25467
s7310,28667
s7312,28668
s7314,28669
s7315,28670
s7316,28671
s7317,25556
s7321,28672
s7323,4079
s7324,2268
s7327,28673
s7328,28674
s7329,28675
s7329,28676
s7330,28677
s7330,28678
s7331,28679
s7333,28024
s7334,28680
s7335,28681
s7335,28682
s7336,28683
s7337,28684
s7338,3484
s7345,28685
s7346,25513
s7347,28686
s7348,21071
s7351,28687
s7352,28688
s7353,28689
s7355,28690
s7357,28691
s7358,27331
s7359,28692
s7361,28693
s7361,28694
s7362,28695
s7363,28696
s7364,28697
s7365,27908
s7366,28698
s7367,28699
s7368,28700
s7370,28701
s7370,26388
s7371,28702
s7372,28703
s7373,14717
s7374,28704
s7375,11349
s7376,27744
s7378,28705
s7379,28051
s7380,28706
s7381,28707
s7385,28708
s7387,25541
s7388,26515
s7389,28709
s7390,28710
s7391,3404
s7392,28711
s7394,26201
s7395,28712
s7396,25603
s7397,28713
s7398,21734
s7399,28714
s7400,28570
s7401,21747
s7402,26538
s7403,28715
s7404,25498
s7408,28716
s7410,28717
s7411,19601
s7412,28718
s7413,28719
s7416,28574
s7416,28720
s7417,26577
s7418,25677
s7420,28721
s7421,28722
s7422,28723
s7423,28724
s7423,16401
s7424,28725
s7425,28726
s7426,28727
s7426,28728
s7427,28729
s7427,28730
s7429,20822
s7430,28731
s7431,28732
s7432,26039
s7433,28733
s7434,28734
s7438,28735
s7440,16615
s7441,28736
s7443,28737
s7444,28737
s7445,28738
s7446,27404
s7449,26453
s7451,28739
s7452,28740
s7453,28299
s7455,26204
s7457,28741
s7459,28742
s7461,28743
s7462,27062
s7463,27132
s7465,28744
s7466,17692
s7467,28745
s7470,28746
s7471,28747
s7473,28748
s7474,28749
s7475,28750
s7475,28751
s7476,28752
s7477,28753
s7478,28754
s7479,17417
s7480,26275
s7482,27482
s7483,28755
s7485,28756
s7487,27350
s7488,28757
s7489,28758
s7490,28759
s7491,28144
s7492,26423
s7492,22016
s7493,28144
s7493,28760
s7494,22019
s7495,28761
s7495,28762
s7496,28144
s7497,28763
s7497,28759
s7498,28144
s7500,22007
s7500,28720
s7501,22019
s7501,22016
s7501,22007
s7502,22019
s7502,28759
s7504,25465
s7507,27611
s7508,2382
s7509,28764
s7510,28765
s7511,28766
s7513,28767
s7514,28768
s7516,23805
s7516,28769
s7516,28299
s7516,1363
s7516,25556
s7516,28770
s7516,28771
s7516,1005
s7516,28772
s7516,28756
s7516,27408
s7516,28773
s7517,26505
s7518,25556
s7519,28774
s7520,28775
s7521,28776
s7523,26558
s7524,26204
s7525,25541
s7526,28777
s7526,28778
s7527,28779
s7528,27453
s7531,28780
s7531,28781
s7532,28782
s7533,27465
s7534,28783
s7535,28089
s7536,28784
s7537,28785
s7540,28786
s7542,27435
s7542,28787
s7543,28787
s7543,27435
s7545,28788
s7545,19038
s7546,28789
s7547,28790
s7549,28791
s7550,28792
s7553,28793
s7554,28351
s7556,22180
s7558,26707
s7559,28794
s7560,25473
s7561,9032
s7564,28363
s7565,28795
s7566,915
s7567,22194
s7567,28796
s7568,28797
s7578,25996
s7579,28798
s7580,26638
s7582,28068
s7583,28799
s7584,24198
s7585,28800
s7586,27257
s7588,26125
s7591,26321
s7592,28055
s7593,28801
s7595,28802
s7596,28803
s7597,28804
s7597,28803
s7601,28805
s7602,28806
s7603,28807
s7604,28808
s7605,28809
s7606,28810
s7608,28811
s7609,28812
s7612,28813
s7613,28813
s7614,28814
s7615,28815
s7616,28816
s7619,28817
s7620,28818
s7621,28819
s7622,28820
s7623,28821
s7631,28822
s7632,28822
s7634,28823
s7635,26994
s7636,22268
s7636,28824
s7637,28825
s7638,28780
s7639,26998
s7640,26998
s7642,28826
s7643,28827
s7644,28828
s7645,28828
s7649,22308
s7651,28329
s7652,28829
s7653,28830
s7654,28831
s7655,27299
s7656,28832
s7657,28832
s7659,28833
s7660,25517
s7661,28834
s7662,28835
s7664,28836
s7666,28837
s7668,28838
s7669,28839
s7669,22375
s7670,27937
s7670,28840
s7671,28841
s7673,27085
s7677,27085
s7678,28842
s7679,22404
s7681,28843
s7682,28844
s7683,28845
s7684,28846
s7684,28847
s7685,28520
s7687,22426
s7687,28848
s7688,28849
s7689,27762
s7691,25499
s7692,28850
s7695,28851
s7696,27628
s7697,16616
s7698,28852
s7701,26445
s7702,25691
s7703,28853
s7704,28854
s7705,28855
s7707,22499
s7708,28856
s7712,28857
s7713,27385
s7715,25493
s7716,25860
s7717,28299
s7718,28858
s7720,28859
s7721,28834
s7723,625
s7723,28860
s7724,28861
s7725,28862
s7727,28863
s7728,28864
s7729,28865
s7731,26526
s7732,28866
s7733,28370
s7735,28867
s7735,28868
s7736,27886
s7737,26829
s7737,22569
s7738,28834
s7738,28869
s7738,28870
s7738,28871
s7738,28872
s7739,17417
s7740,28873
s7742,22679
s7743,28174
s7745,915
s7746,27709
s7746,28874
s7747,28875
s7749,26295
s7750,26278
s7751,26412
s7752,22308
s7753,28224
s7753,25470
s7755,28876
s7756,28468
s7758,28877
s7759,28878
s7779,28879
s7779,28880
s7789,28881
s7790,28882
s7792,22668
s7793,22669
s7793,28883
s7793,28884
s7794,28272
s7795,19038
s7797,28885
s7798,22679
s7800,26504
s7802,26248
s7803,21501
s7804,28886
s7805,28887
s7806,26489
s7810,28266
s7812,2268
s7815,28888
s7817,27568
s7818,27886
s7820,28889
s7821,26039
s7822,28890
s7824,28891
s7825,28165
s7826,28892
s7827,28893
s7827,28894
s7828,23060
s7830,28895
s7831,28896
s7832,28897
s7833,28898
s7834,28899
s7837,28900
s7838,26321
s7840,28901
s7842,22804
s7844,28902
s7845,28903
s7846,28904
s7847,28905
s7850,28329
s7852,28906
s7853,28907
s7854,28262
s7855,28908
s7856,28862
s7858,25679
s7859,22855
s7860,28909
s7860,28910
s7861,19601
s7862,28911
s7864,27328
s7864,28912
s7865,28913
s7865,28914
s7866,28075
s7867,28915
s7869,28916
s7870,26353
s7872,28917
s7872,11061
s7874,26627
s7875,28918
s7876,26519
s7877,22907
s7878,28919
s7880,25692
s7881,388
s7882,388
s7883,388
s7884,25692
s7885,26823
s7886,26557
s7889,26922
s7890,28920
s7891,28921
s7892,28922
s7892,28913
s7895,28923
s7896,28924
s7897,28925
s7899,28926
s7900,28650
s7901,28639
s7902,16939
s7903,28927
s7904,19130
s7905,28928
s7906,28211
s7908,27350
s7910,27887
s7911,28929
s7913,27213
s7914,28930
s7916,28931
s7917,28932
s7918,28933
s7919,28934
s7920,28935
s7920,28022
s7921,25631
s7922,27908
s7923,19943
s7924,28936
s7925,28937
s7926,28938
s7927,28939
s7928,26654
s7929,28940
s7929,28941
s7932,28942
s7933,23060
s7934,28943
s7935,28705
s7936,28309
s7937,27426
s7938,27426
s7939,28174
s7940,28944
s7941,28945
s7942,28946
s7944,27090
s7945,28947
s7946,28948
s7947,26388
s7948,28431
s7950,27191
s7951,28949
s7952,2116
s7953,28950
s7955,28951
s7956,23154
s7957,25530
s7958,25467
s7959,436
s7960,28952
s7960,28953
s7960,28954
s7961,28955
s7962,28956
s7963,28956
s7964,28618
s7965,28957
s7966,28958
s7967,25776
s7968,527
s7970,28959
s7971,28960
s7972,28961
s7973,28962
s7974,28960
s7975,28963
s7976,28961
s7977,28962
s7978,28963
s7979,28963
s7979,28964
s7980,28965
s7981,25851
s7982,28084
s7984,28966
s7986,25725
s7987,28967
s7988,28967
s7989,25916
s7990,27791
s7991,3050
s7993,28724
s7995,28968
s7996,25542
s7997,28969
s7998,27158
s7999,28407
s8000,28970
s8002,25700
s8002,25701
s8004,28673
s8005,25617
s8006,28971
s8007,28972
s8007,28973
s8008,28973
s8009,28974
s8009,28975
s8010,28976
s8011,25792
s8012,28977
s8013,28978
s8014,28834
s8014,28871
s8015,28979
s8015,28980
s8017,28981
s8018,28512
s8019,28982
s8024,28983
s8025,13945
s8026,28984
s8027,28985
s8028,28986
s8029,28987
s8030,28988
s8033,25494
s8034,25925
s8036,28989
s8036,28990
s8037,28991
s8038,28992
s8039,4024
s8040,25493
s8042,28993
s8043,27977
s8044,27304
s8046,28994
s8047,28995
s8048,6178
s8050,25931
s8051,27322
s8052,659
s8053,659
s8054,27029
s8055,28996
s8056,28997
s8057,28998
s8060,17977
s8061,28999
s8061,29000
s8064,29001
s8066,29002
s8068,24136
s8069,29003
s8069,29004
s8069,29005
s8070,29006
s8070,29007
s8072,4002
s8073,21728
s8074,29008
s8075,25792
s8076,25792
s8077,25792
s8078,27194
s8079,26059
s8080,29009
s8081,29010
s8083,28215
s8085,27363
s8087,29011
s8087,29012
s8088,25688
s8089,26558
s8090,29013
s8091,29014
s8091,29015
s8092,29016
s8092,29017
s8092,29018
s8092,28828
s8093,29019
s8096,25611
s8099,23521
s8100,23531
s8101,29020
s8102,28266
s8104,25298
s8106,25680
s8107,29021
s8109,29022
s8111,25687
s8112,29023
s8113,29024
s8114,29025
s8115,29026
s8116,29027
s8117,29028
s8119,5863
s8120,29029
s8121,29030
s8123,29031
s8124,15301
s8125,26285
s8127,29032
s8128,29033
s8129,29034
s8131,29035
s8132,25903
s8134,29036
s8135,29037
s8135,29038
s8137,28892
s8139,25514
s8140,29039
s8141,29040
s8141,29041
s8142,29042
s8143,28413
s8145,22499
s8146,27810
s8147,26694
s8150,29043
s8151,29044
s8152,25638
s8152,29045
s8153,29046
s8154,26557
s8155,29047
s8157,27170
s8158,29048
s8159,25644
s8160,29049
s8162,27583
s8164,29050
s8165,29051
s8165,29052
s8165,29053
s8165,29054
s8165,29055
s8167,28546
s8168,25668
s8169,29056
s8169,29057
s8170,29058
s8171,14448
s8172,25569
s8173,29059
s8178,29060
s8178,29061
s8180,29062
s8182,29063
s8184,25792
s8185,25467
s8186,29064
s8187,29065
s8188,16939
s8189,29066
s8191,29067
s8191,29068
s8193,26557
s8195,27120
s8196,29069
s8197,29070
s8198,25694
s8199,29071
s8201,29072
s8202,29073
s8204,27331
s8205,29074
s8205,29075
s8206,29076
s8211,23804
s8212,29077
s8213,27880
s8214,29078
s8215,26295
s8218,29079
s8218,29080
s8219,23815
s8220,25767
s8221,29081
s8222,29082
s8223,29083
s8224,29084
s8225,29085
s8226,29086
s8227,25938
s8228,17417
s8229,13590
s8230,16939
s8233,29087
s8234,17082
s8234,29088
s8235,29089
s8237,28262
s8238,29090
s8239,29091
s8240,29092
s8241,29093
s8242,17417
s8243,29094
s8245,29095
s8246,29096
s8247,25810
s8248,19086
s8249,29097
s8250,28402
s8252,25847
s8253,26975
s8254,29098
s8255,29099
s8256,26654
s8257,29100
s8259,29101
s8259,23964
s8260,28630
s8261,29102
s8262,29084
s8264,29103
s8264,29104
s8265,29105
s8266,28439
s8267,542
s8267,23992
s8268,29106
s8270,26045
s8271,29107
s8271,29108
s8273,26039
s8274,29109
s8274,29110
s8275,29111
s8277,29082
s8280,27839
s8281,28381
s8282,29112
s8284,29113
s8285,28925
s8286,29114
s8287,29115
s8289,29116
s8290,24052
s8290,24051
s8291,24136
s8292,29117
s8293,26232
s8294,29118
s8296,24083
s8297,25720
s8298,17417
s8299,28407
s8300,29119
s8300,29120
s8301,29121
s8302,29122
s8303,28537
s8304,28413
s8305,25588
s8306,25588
s8307,29123
s8308,25687
s8310,25500
s8311,29124
s8313,27191
s8314,28017
s8315,29125
s8318,28106
s8320,29126
s8321,25691
s8323,29127
s8323,29128
s8324,29129
s8325,29130
s8326,16695
s8327,28719
s8328,28719
s8333,27676
s8334,28924
s8336,29131
s8338,29132
s8339,29133
s8340,29134
s8342,25304
s8343,29135
s8344,27261
s8345,29136
s8345,29137
s8345,29138
s8345,29139
s8345,29140
s8345,29141
s8345,29142
s8345,29143
s8346,27145
s8347,20629
s8352,29144
s8353,25490
s8355,28359
s8356,27072
s8357,13590
s8359,29145
s8360,29146
s8360,29147
s8360,29148
s8361,24291
s8362,542
s8363,26998
s8364,24302
s8364,29149
s8365,24302
s8365,24303
s8366,3041
s8366,29150
s8368,27988
s8370,29151
s8373,29152
s8375,28381
s8376,29153
s8378,26406
s8381,25184
s8382,29154
s8383,29155
s8384,29156
s8385,27991
s8386,2138
s8387,29121
s8388,29157
s8390,29158
s8392,28099
s8394,26808
s8395,29159
s8395,29160
s8396,25673
s8397,25698
s8399,26693
s8400,29161
s8402,29162
s8403,2854
s8405,25837
s8406,25837
s8407,29163
s8409,29164
s8410,29165
s8411,29166
s8413,29167
s8413,29168
s8414,25500
s8415,28276
s8415,28277
s8416,28276
s8416,28277
s8417,28276
s8417,28277
s8418,28324
s8418,29169
s8418,29170
s8419,29171
s8421,1942
s8426,29172
s8427,25696
s8428,29173
s8431,28779
s8433,29174
s8435,25515
s8436,16780
s8439,29175
s8442,25490
s8442,29176
s8444,27804
s8445,27198
s8446,25688
s8447,29177
s8448,29178
s8449,29179
s8450,29180
s8452,29181
s8453,29182
s8454,28374
s8455,26323
s8456,29183
s8457,29184
s8458,24514
s8458,29185
s8459,28194
s8460,29186
s8461,26599
s8462,25590
s8464,29187
s8465,29188
s8466,29189
s8467,29190
s8467,24566
s8468,29191
s8469,29192
s8470,25684
s8471,24578
s8471,29193
s8473,28381
s8474,20481
s8478,29194
s8479,29195
s8481,29196
s8484,29197
s8485,29198
s8486,29199
s8487,26104
s8488,29200
s8489,29201
s8490,29202
s8492,26120
s8493,29203
s8494,26978
s8495,29204
s8496,29205
s8497,29206
s8498,26397
s8499,542
s8500,28741
s8502,26468
s8505,26931
s8506,435
s8507,28951
s8508,29207
s8508,29208
s8509,29145
s8510,29209
s8512,25691
s8513,25722
s8514,29116
s8515,29210
s8516,25588
s8518,29211
s8521,29212
s8523,29213
s8526,25608
s8527,25495
s8528,29214
s8529,29215
s8529,29216
s8530,29217
s8531,29218
s8532,28086
s8533,29219
s8535,29220
s8535,25989
s8536,29221
s8537,25779
s8538,29222
s8538,29223
s8539,29224
s8541,29225
s8543,25465
s8544,28828
s8547,29226
s8547,29227
s8548,24743
s8549,29228
s8551,29229
s8551,29093
s8553,3363
s8554,29230
s8555,27925
s8556,28238
s8557,26404
s8559,29231
s8560,29232
s8563,29233
s8564,29234
s8565,29235
s8566,29236
s8567,29237
s8569,29238
s8570,28683
s8571,29239
s8572,29240
s8573,29241
s8577,29242
s8579,29243
s8580,29244
s8581,475
s8582,26278
s8583,29245
s8584,29246
s8585,27331
s8587,29247
s8588,29248
s8588,29249
s8590,29250
s8591,25809
s8592,28709
s8595,29251
s8596,29252
s8599,29253
s8600,29254
s8604,29255
s8607,29256
s8608,26854
s8609,27690
s8611,25750
s8612,27379
s8613,29257
s8614,27567
s8615,26844
s8616,29258
s8617,29259
s8618,28170
s8619,29260
s8622,29261
s8624,29262
s8625,29263
s8626,15688
s8627,15688
s8628,29264
s8629,26201
s8630,26697
s8631,29265
s8632,29266
s8635,29267
s8636,29268
s8637,29269
s8638,25667
s8639,27702
s8640,28040
s8641,28628
s8641,14054
s8641,29270
s8641,29271
s8641,29272
s8642,29273
s8643,19090
s8644,29274
s8646,29275
s8649,29276
s8650,26257
s8652,5229
s8653,5467
s8655,29277
s8656,29278
s8658,25029
s8659,29279
s8660,27811
s8662,29115
s8663,29280
s8664,29281
s8665,29282
s8666,29283
s8667,28937
s8668,104
s8669,25772
s8671,28269
s8672,25617
s8673,29284
s8675,29285
s8676,29286
s8677,29287
s8678,29288
s8679,29289
s8681,29290
s8682,29291
s8683,3578
s8684,29292
s8686,29293
s8687,29294
s8688,29295
s8689,27911
s8690,29296
s8692,29152
s8693,29297
s8693,29298
s8694,29299
s8694,29300
s8695,29301
s8696,29302
s8697,25467
s8698,29303
s8699,29199
s8700,29304
s8704,29305
s8705,28211
s8706,29306
s8707,29307
s8709,25184
s8710,29308
s8712,29309
s8714,29310
s8715,29311
s8715,29312
s8715,29313
s8716,10911
s8717,29314
s8718,29164
s8720,25230
s8723,25590
s8725,29315
s8726,28440
s8726,28381
s8730,29316
s8731,27505
s8732,26911
s8733,29317
s8734,28549
s8735,29318
s8736,26039
s8738,29319
s8738,29320
s8743,28737
s8744,10187
s8746,29321
s8749,29177
s8751,29322
s8752,19127
s8753,29323
s8754,25317
s8755,29324
s8758,22308
s8761,29325
s8762,29326
s8763,26852
s8765,29327
s8766,29328
s8766,29329
s8766,29330
s8766,27988
s8767,28359
s8768,28068
s8769,27322
s8770,29331
s8771,22499
s8772,27382
s8773,25539
s8774,28572
s8775,29332
s8777,29333
s8778,29334
s8779,29334
s8780,29335
s8782,29336
s8783,19090
s8787,29337
s8788,28745
s8789,29338
s8790,26112
s8791,25463
s8792,29282
s8793,29339
s8794,25482
s8795,29340
s8799,29341
s8800,28767
s8802,29342
s8803,25691
s8805,28010
s8806,29343
s8807,29344
