show_id,rating_id
s8,0
s9,1
s10,2
s13,0
s25,1
s28,2
s29,2
s30,2
s39,2
s42,3
s43,3
s44,3
s45,2
s47,4
s49,4
s52,1
s53,1
s54,5
s55,5
s57,1
s58,5
s59,5
s60,5
s61,1
s62,5
s63,5
s64,5
s74,0
s82,4
s85,0
s91,0
s95,3
s97,0
s106,1
s108,6
s115,1
s116,3
s117,5
s119,1
s123,4
s127,1
s128,3
s130,2
s132,4
s134,4
s135,2
s136,4
s137,4
s138,3
s139,2
s140,4
s141,0
s142,4
s143,2
s144,2
s145,4
s146,4
s147,4
s150,4
s151,4
s152,1
s153,0
s156,3
s157,3
s158,1
s159,2
s160,0
s162,2
s163,2
s164,4
s165,2
s167,4
s168,3
s169,3
s170,2
s171,4
s172,2
s173,2
s174,2
s175,4
s176,4
s177,2
s178,1
s179,4
s180,2
s183,2
s184,4
s189,0
s191,1
s192,4
s193,1
s196,1
s199,0
s200,1
s201,1
s202,1
s203,0
s204,0
s205,0
s206,1
s207,0
s208,1
s209,1
s210,1
s211,0
s212,0
s216,0
s217,1
s218,1
s228,0
s229,4
s230,0
s232,3
s248,4
s252,2
s254,1
s260,5
s265,4
s268,4
s271,0
s274,0
s277,0
s279,0
s280,5
s282,1
s283,0
s285,1
s286,4
s293,2
s294,0
s296,2
s298,0
s299,0
s300,1
s301,3
s302,1
s304,0
s305,1
s306,0
s307,5
s308,0
s309,0
s315,4
s316,0
s317,1
s326,3
s327,3
s328,2
s329,4
s330,2
s331,3
s333,4
s334,2
s335,2
s336,4
s338,4
s341,2
s342,4
s343,2
s344,2
s345,3
s346,3
s347,4
s348,3
s349,2
s350,2
s351,2
s352,4
s353,4
s354,4
s355,4
s356,4
s357,2
s358,4
s359,2
s360,4
s361,2
s366,1
s375,5
s378,0
s381,1
s384,0
s390,0
s393,4
s394,3
s403,0
s411,7
s416,7
s427,0
s430,1
s434,0
s437,1
s438,4
s440,0
s446,4
s447,2
s448,2
s449,2
s450,2
s451,2
s452,2
s453,5
s461,3
s464,0
s470,0
s475,4
s487,3
s490,1
s492,2
s493,2
s495,4
s497,2
s503,1
s504,0
s507,8
s509,0
s519,1
s529,1
s530,0
s532,5
s535,8
s542,1
s543,1
s552,0
s555,0
s556,4
s557,1
s558,2
s559,4
s560,4
s562,2
s563,2
s564,2
s565,4
s567,2
s568,2
s569,3
s570,1
s573,2
s574,3
s575,3
s576,2
s577,4
s579,2
s580,4
s582,2
s583,2
s584,4
s585,4
s586,2
s590,4
s592,2
s593,4
s594,3
s595,2
s596,3
s597,4
s598,2
s599,4
s600,2
s601,4
s602,3
s603,3
s604,3
s605,4
s606,4
s607,2
s608,4
s609,2
s610,2
s611,4
s612,4
s613,4
s614,0
s615,2
s616,4
s619,0
s623,4
s631,4
s635,1
s636,0
s637,2
s644,4
s651,1
s652,0
s655,0
s656,0
s657,0
s677,1
s682,0
s686,2
s689,1
s695,5
s699,0
s702,0
s703,4
s706,1
s709,2
s712,0
s717,0
s719,4
s722,4
s723,0
s724,8
s727,0
s729,0
s736,5
s737,3
s738,0
s740,3
s741,4
s742,0
s743,0
s744,0
s746,1
s747,0
s748,0
s751,0
s753,2
s755,4
s757,0
s758,5
s759,0
s763,1
s765,1
s766,0
s767,0
s769,0
s771,1
s774,0
s775,2
s776,0
s777,2
s778,0
s780,2
s783,4
s784,0
s785,0
s787,4
s788,4
s789,2
s791,0
s792,4
s793,3
s794,2
s795,1
s797,4
s798,2
s799,4
s800,2
s801,1
s802,4
s803,4
s804,5
s805,4
s809,4
s810,2
s811,3
s813,4
s815,3
s817,2
s818,2
s819,2
s820,3
s822,4
s823,4
s824,0
s825,4
s827,0
s829,2
s835,5
s837,0
s839,0
s840,0
s841,0
s847,3
s851,1
s854,4
s860,1
s864,3
s866,4
s867,4
s871,1
s872,1
s873,4
s874,0
s878,0
s879,0
s880,0
s882,0
s883,7
s886,0
s888,0
s890,4
s892,4
s893,0
s895,0
s896,1
s900,0
s902,5
s904,0
s905,4
s906,1
s907,0
s910,1
s911,0
s914,5
s915,0
s916,0
s917,4
s918,0
s923,0
s925,3
s927,4
s929,2
s931,4
s932,2
s933,4
s934,6
s935,4
s936,3
s943,4
s944,2
s945,0
s946,0
s947,2
s948,2
s949,1
s950,2
s951,2
s952,4
s953,4
s954,4
s955,5
s956,4
s957,4
s960,0
s963,4
s967,0
s970,4
s971,2
s972,4
s974,5
s975,1
s977,1
s978,1
s979,0
s980,0
s981,0
s982,0
s983,1
s984,0
s985,0
s986,0
s987,1
s989,1
s990,0
s991,0
s992,8
s995,1
s996,0
s997,0
s1000,0
s1002,1
s1003,0
s1014,4
s1016,4
s1017,0
s1018,0
s1019,1
s1020,3
s1021,1
s1022,0
s1023,3
s1024,0
s1025,7
s1027,9
s1028,4
s1030,0
s1031,0
s1032,1
s1034,4
s1035,4
s1036,2
s1037,1
s1038,1
s1040,0
s1042,0
s1043,5
s1047,1
s1051,0
s1053,4
s1054,0
s1056,4
s1067,0
s1068,0
s1070,1
s1081,1
s1084,4
s1086,0
s1087,0
s1088,1
s1089,2
s1090,0
s1091,5
s1099,1
s1100,0
s1101,0
s1102,3
s1103,2
s1104,4
s1105,9
s1106,4
s1107,4
s1108,0
s1109,0
s1110,0
s1111,0
s1112,2
s1113,3
s1114,2
s1115,2
s1116,5
s1119,2
s1120,4
s1121,2
s1122,2
s1123,1
s1125,4
s1127,6
s1129,4
s1132,1
s1134,4
s1135,4
s1136,2
s1137,1
s1138,5
s1139,4
s1140,2
s1141,4
s1142,1
s1143,0
s1145,2
s1146,2
s1148,0
s1151,5
s1152,9
s1154,2
s1155,4
s1157,5
s1161,0
s1163,1
s1165,0
s1166,5
s1168,1
s1171,7
s1173,0
s1174,1
s1176,2
s1177,0
s1178,0
s1179,4
s1185,1
s1186,0
s1188,4
s1189,1
s1190,8
s1191,4
s1192,2
s1193,0
s1195,1
s1196,4
s1198,2
s1199,0
s1200,4
s1203,1
s1204,3
s1209,0
s1210,8
s1212,1
s1213,0
s1216,0
s1217,0
s1219,3
s1220,5
s1221,0
s1222,1
s1223,0
s1224,0
s1229,2
s1231,1
s1233,0
s1234,1
s1237,0
s1238,1
s1240,4
s1241,2
s1242,2
s1244,2
s1245,1
s1249,4
s1252,2
s1253,1
s1254,9
s1255,4
s1257,4
s1259,7
s1260,4
s1261,0
s1262,0
s1264,4
s1265,4
s1266,0
s1267,0
s1268,0
s1270,5
s1274,1
s1279,8
s1282,1
s1284,4
s1285,4
s1287,0
s1289,2
s1291,4
s1292,1
s1294,0
s1296,0
s1298,1
s1305,5
s1306,1
s1308,3
s1310,1
s1312,1
s1313,0
s1316,0
s1317,0
s1319,1
s1320,7
s1323,1
s1324,1
s1325,4
s1326,0
s1327,1
s1328,0
s1330,0
s1331,3
s1334,4
s1335,1
s1337,0
s1338,5
s1341,1
s1342,4
s1343,0
s1345,0
s1346,1
s1347,0
s1348,0
s1352,5
s1354,2
s1358,0
s1359,4
s1360,4
s1361,0
s1365,3
s1367,2
s1368,4
s1369,0
s1370,3
s1371,2
s1373,5
s1375,1
s1377,0
s1379,1
s1380,1
s1387,0
s1388,2
s1389,4
s1390,4
s1391,4
s1392,4
s1394,1
s1397,4
s1398,2
s1399,4
s1400,1
s1404,8
s1406,4
s1407,3
s1408,9
s1410,4
s1411,0
s1412,1
s1413,5
s1414,0
s1415,1
s1416,4
s1418,0
s1420,0
s1422,4
s1423,1
s1424,1
s1425,7
s1427,0
s1429,0
s1433,1
s1434,1
s1435,3
s1436,4
s1439,1
s1442,1
s1445,2
s1446,1
s1447,0
s1448,4
s1451,4
s1452,9
s1453,2
s1454,3
s1455,2
s1457,4
s1459,4
s1460,2
s1462,4
s1464,9
s1465,1
s1468,2
s1469,0
s1470,2
s1471,0
s1473,1
s1475,5
s1476,1
s1482,0
s1485,2
s1486,3
s1487,0
s1489,0
s1491,9
s1492,0
s1494,8
s1495,3
s1496,0
s1497,8
s1498,1
s1499,1
s1500,2
s1501,0
s1502,4
s1503,0
s1505,1
s1508,9
s1510,0
s1511,4
s1512,1
s1513,0
s1514,2
s1516,4
s1518,4
s1520,5
s1521,0
s1522,5
s1523,1
s1524,1
s1525,4
s1526,1
s1527,1
s1530,1
s1531,0
s1533,0
s1535,0
s1537,2
s1538,2
s1541,4
s1543,0
s1545,4
s1550,1
s1551,2
s1559,2
s1561,2
s1562,0
s1564,0
s1566,8
s1567,1
s1568,0
s1569,0
s1572,1
s1576,5
s1577,3
s1581,7
s1583,4
s1585,4
s1588,0
s1589,9
s1592,7
s1593,0
s1596,4
s1598,5
s1599,1
s1600,0
s1602,0
s1603,1
s1605,0
s1607,0
s1609,2
s1610,9
s1611,2
s1613,4
s1614,2
s1617,3
s1618,0
s1621,4
s1622,2
s1625,2
s1627,4
s1630,0
s1631,5
s1632,4
s1633,9
s1634,0
s1636,9
s1637,5
s1638,0
s1643,0
s1644,0
s1645,5
s1646,1
s1647,0
s1648,1
s1649,4
s1651,5
s1652,3
s1654,1
s1655,0
s1656,9
s1657,4
s1658,0
s1660,4
s1661,0
s1663,1
s1664,5
s1665,4
s1666,1
s1667,9
s1672,5
s1674,0
s1675,1
s1676,1
s1677,1
s1678,1
s1679,0
s1680,1
s1681,1
s1682,8
s1683,8
s1684,1
s1686,5
s1687,0
s1690,2
s1692,8
s1695,3
s1696,8
s1700,8
s1701,1
s1703,7
s1704,3
s1706,2
s1707,0
s1708,8
s1710,0
s1711,4
s1713,0
s1714,0
s1715,2
s1716,1
s1721,0
s1726,0
s1728,0
s1729,0
s1730,4
s1732,0
s1733,1
s1735,8
s1736,1
s1737,8
s1740,5
s1742,5
s1743,0
s1744,1
s1748,4
s1750,5
s1752,9
s1753,9
s1754,3
s1762,3
s1763,4
s1764,4
s1765,4
s1768,2
s1769,3
s1771,4
s1772,5
s1773,0
s1775,1
s1776,1
s1777,1
s1778,1
s1781,0
s1784,0
s1785,1
s1786,0
s1788,4
s1789,0
s1794,0
s1795,1
s1796,1
s1797,4
s1798,0
s1799,0
s1802,3
s1803,1
s1807,0
s1808,0
s1809,2
s1810,1
s1811,4
s1812,4
s1813,5
s1815,2
s1816,9
s1817,2
s1818,1
s1819,1
s1820,0
s1821,1
s1822,0
s1823,0
s1824,0
s1825,0
s1826,0
s1827,1
s1828,0
s1830,0
s1831,1
s1832,1
s1833,0
s1834,3
s1836,4
s1837,0
s1839,4
s1841,0
s1843,4
s1844,4
s1845,5
s1846,4
s1847,1
s1850,5
s1851,1
s1856,1
s1857,1
s1859,1
s1860,9
s1862,1
s1863,1
s1864,0
s1866,1
s1867,1
s1868,0
s1870,0
s1871,0
s1873,4
s1875,0
s1877,0
s1880,2
s1881,0
s1882,4
s1883,1
s1884,9
s1885,1
s1887,3
s1888,0
s1889,1
s1892,1
s1897,0
s1898,0
s1899,0
s1900,0
s1901,2
s1902,0
s1903,5
s1904,4
s1905,1
s1906,0
s1910,4
s1913,2
s1917,2
s1921,1
s1922,4
s1925,1
s1928,5
s1931,0
s1932,4
s1936,0
s1937,4
s1938,2
s1939,5
s1940,1
s1941,0
s1942,5
s1943,1
s1944,1
s1945,1
s1946,1
s1947,5
s1951,1
s1958,2
s1960,2
s1961,8
s1964,5
s1965,0
s1966,0
s1967,0
s1968,0
s1970,0
s1971,0
s1972,1
s1973,1
s1975,0
s1976,1
s1977,0
s1978,0
s1982,1
s1983,1
s1985,0
s1986,9
s1988,0
s1996,4
s1997,0
s1998,4
s1999,0
s2001,0
s2002,4
s2004,3
s2006,0
s2008,1
s2011,3
s2012,7
s2016,1
s2017,1
s2018,1
s2019,5
s2020,5
s2021,8
s2023,8
s2024,0
s2025,0
s2026,1
s2027,1
s2028,8
s2029,1
s2030,0
s2031,1
s2032,0
s2035,1
s2036,2
s2037,0
s2040,0
s2044,4
s2046,4
s2047,1
s2049,0
s2050,1
s2051,0
s2052,5
s2053,5
s2056,0
s2057,3
s2058,8
s2060,2
s2061,1
s2062,9
s2066,5
s2068,1
s2072,3
s2073,4
s2075,1
s2076,0
s2077,7
s2078,0
s2080,3
s2081,9
s2082,9
s2083,1
s2084,0
s2085,3
s2088,0
s2089,0
s2091,0
s2092,0
s2093,2
s2095,0
s2096,0
s2101,2
s2104,1
s2105,0
s2108,5
s2109,0
s2111,0
s2112,1
s2116,4
s2117,5
s2118,5
s2121,2
s2122,2
s2127,5
s2130,7
s2131,0
s2132,9
s2133,4
s2138,0
s2139,4
s2140,0
s2142,1
s2143,3
s2144,0
s2147,2
s2150,4
s2151,0
s2155,1
s2156,9
s2160,1
s2162,5
s2164,1
s2168,8
s2170,0
s2172,0
s2173,4
s2177,4
s2178,9
s2180,4
s2184,4
s2186,9
s2187,0
s2188,0
s2189,8
s2192,0
s2194,0
s2196,0
s2197,0
s2198,0
s2199,0
s2203,0
s2205,1
s2206,1
s2207,0
s2208,7
s2209,9
s2210,0
s2211,0
s2212,0
s2214,1
s2216,7
s2217,5
s2221,0
s2222,0
s2225,1
s2232,0
s2233,1
s2234,0
s2235,1
s2240,1
s2241,0
s2243,0
s2245,0
s2248,1
s2251,4
s2252,0
s2257,4
s2258,1
s2260,4
s2261,3
s2263,0
s2265,1
s2266,1
s2267,1
s2268,0
s2269,1
s2270,0
s2271,1
s2272,5
s2273,1
s2274,1
s2275,1
s2276,0
s2277,0
s2278,1
s2279,5
s2280,0
s2281,0
s2282,5
s2283,1
s2284,0
s2285,1
s2286,1
s2287,0
s2288,0
s2289,0
s2290,5
s2291,1
s2292,1
s2295,0
s2296,0
s2297,2
s2301,0
s2303,0
s2305,1
s2308,9
s2309,0
s2310,0
s2311,0
s2312,4
s2313,0
s2315,2
s2316,0
s2318,4
s2320,0
s2322,0
s2324,1
s2325,8
s2326,0
s2329,3
s2331,2
s2333,1
s2334,0
s2337,1
s2339,0
s2340,1
s2341,1
s2343,0
s2345,0
s2346,0
s2348,1
s2349,5
s2351,4
s2352,0
s2354,0
s2355,1
s2357,8
s2359,0
s2361,0
s2362,1
s2364,0
s2365,5
s2366,0
s2367,0
s2368,0
s2369,1
s2370,1
s2372,1
s2373,8
s2374,0
s2375,0
s2376,1
s2377,0
s2378,3
s2380,4
s2381,5
s2382,1
s2383,2
s2386,3
s2387,1
s2388,0
s2390,1
s2392,1
s2393,0
s2394,4
s2398,0
s2399,3
s2403,0
s2404,1
s2406,1
s2408,4
s2411,0
s2412,2
s2413,0
s2414,1
s2415,1
s2417,4
s2419,1
s2420,2
s2421,1
s2422,0
s2424,1
s2425,0
s2428,1
s2429,0
s2430,0
s2431,4
s2434,1
s2435,1
s2436,1
s2438,0
s2439,1
s2440,1
s2442,5
s2443,1
s2444,0
s2446,1
s2447,8
s2449,5
s2452,3
s2455,4
s2456,1
s2457,1
s2458,5
s2459,0
s2461,0
s2464,1
s2465,1
s2466,0
s2468,0
s2469,0
s2470,1
s2471,1
s2472,4
s2475,8
s2476,8
s2478,0
s2479,3
s2480,4
s2481,0
s2482,8
s2483,1
s2486,1
s2488,1
s2491,1
s2492,1
s2493,5
s2494,0
s2495,5
s2497,0
s2498,1
s2499,0
s2501,0
s2502,5
s2503,1
s2504,1
s2505,1
s2506,5
s2507,1
s2508,0
s2510,1
s2511,1
s2512,3
s2513,5
s2514,1
s2517,0
s2521,0
s2522,0
s2523,0
s2528,0
s2532,1
s2533,1
s2534,8
s2535,0
s2537,0
s2538,1
s2539,5
s2540,1
s2541,0
s2542,1
s2544,1
s2545,5
s2546,1
s2548,0
s2550,4
s2551,0
s2554,0
s2556,1
s2557,1
s2558,0
s2559,5
s2560,3
s2562,5
s2563,3
s2564,8
s2565,1
s2566,0
s2567,2
s2568,1
s2571,3
s2572,1
s2573,3
s2574,4
s2577,4
s2578,0
s2579,0
s2580,9
s2583,3
s2585,1
s2588,0
s2590,0
s2592,2
s2593,4
s2597,3
s2598,1
s2602,1
s2603,0
s2604,0
s2606,5
s2608,1
s2611,1
s2613,0
s2614,0
s2615,0
s2616,1
s2617,0
s2618,0
s2619,0
s2621,1
s2622,1
s2623,2
s2624,1
s2625,1
s2626,0
s2627,0
s2630,1
s2631,0
s2633,0
s2634,1
s2635,2
s2636,1
s2637,1
s2638,1
s2639,1
s2643,1
s2645,0
s2647,8
s2648,1
s2650,1
s2651,0
s2654,0
s2655,0
s2656,0
s2657,3
s2660,0
s2664,1
s2668,0
s2669,0
s2672,0
s2673,4
s2674,0
s2675,0
s2676,0
s2678,2
s2679,3
s2680,0
s2681,4
s2682,8
s2683,1
s2684,5
s2686,0
s2687,0
s2688,1
s2689,1
s2691,0
s2694,0
s2695,0
s2696,8
s2697,0
s2698,3
s2701,0
s2702,3
s2703,0
s2704,0
s2705,4
s2706,0
s2707,4
s2708,4
s2710,0
s2713,4
s2715,5
s2716,1
s2717,1
s2718,7
s2720,0
s2721,1
s2722,1
s2723,1
s2724,1
s2725,1
s2726,1
s2727,1
s2729,1
s2730,1
s2731,1
s2732,1
s2733,1
s2734,1
s2735,1
s2736,1
s2739,1
s2742,0
s2745,8
s2746,4
s2748,1
s2750,4
s2751,7
s2755,3
s2756,0
s2757,0
s2758,1
s2759,4
s2761,1
s2763,4
s2764,9
s2767,0
s2769,0
s2770,1
s2771,9
s2772,0
s2774,9
s2776,0
s2779,3
s2781,0
s2782,0
s2783,0
s2790,1
s2797,0
s2799,4
s2800,0
s2801,1
s2802,4
s2804,3
s2807,0
s2810,4
s2811,1
s2816,0
s2818,1
s2820,5
s2821,0
s2822,0
s2823,4
s2824,1
s2829,7
s2830,0
s2833,0
s2834,0
s2835,0
s2836,0
s2837,4
s2838,0
s2840,5
s2843,0
s2844,0
s2845,0
s2846,4
s2847,1
s2848,4
s2849,9
s2850,0
s2851,1
s2852,0
s2853,4
s2854,0
s2857,1
s2860,0
s2861,3
s2862,1
s2863,1
s2864,4
s2866,0
s2868,0
s2874,1
s2877,7
s2878,1
s2879,1
s2880,0
s2882,0
s2883,0
s2886,1
s2887,0
s2888,5
s2890,0
s2891,0
s2896,0
s2897,1
s2898,4
s2899,0
s2900,5
s2904,4
s2905,0
s2906,4
s2907,0
s2908,4
s2909,2
s2912,6
s2913,0
s2914,0
s2915,0
s2916,5
s2917,1
s2919,1
s2920,5
s2924,0
s2925,5
s2926,1
s2929,4
s2931,1
s2933,0
s2934,2
s2935,0
s2936,1
s2937,1
s2940,4
s2941,1
s2944,4
s2947,1
s2948,1
s2950,0
s2951,2
s2952,3
s2953,1
s2955,1
s2956,0
s2957,0
s2958,1
s2961,4
s2962,2
s2963,7
s2964,8
s2969,0
s2970,8
s2971,0
s2973,0
s2974,1
s2976,0
s2979,0
s2982,0
s2986,1
s2987,1
s2988,0
s2989,3
s2990,0
s2991,0
s2996,5
s2997,0
s3000,1
s3003,0
s3004,0
s3005,1
s3007,1
s3008,1
s3009,4
s3010,0
s3015,1
s3017,3
s3018,0
s3019,4
s3020,1
s3022,4
s3023,1
s3024,0
s3026,4
s3027,0
s3028,0
s3030,0
s3032,1
s3033,0
s3037,0
s3039,4
s3042,0
s3044,4
s3045,0
s3047,1
s3049,1
s3052,1
s3055,5
s3058,9
s3059,7
s3060,6
s3061,0
s3062,0
s3063,6
s3069,4
s3070,7
s3071,0
s3074,4
s3078,1
s3079,0
s3081,2
s3082,0
s3090,0
s3091,0
s3092,1
s3095,0
s3097,0
s3098,4
s3099,5
s3100,2
s3101,4
s3102,4
s3103,2
s3105,1
s3106,5
s3108,4
s3110,9
s3111,5
s3113,1
s3115,5
s3117,2
s3124,0
s3125,0
s3126,4
s3127,1
s3131,0
s3132,1
s3133,0
s3134,1
s3135,1
s3136,1
s3137,1
s3138,5
s3140,1
s3141,1
s3142,1
s3143,5
s3144,1
s3145,0
s3146,1
s3148,1
s3150,1
s3151,4
s3152,0
s3153,0
s3156,0
s3158,0
s3159,0
s3160,1
s3161,0
s3162,5
s3163,4
s3164,1
s3165,2
s3167,1
s3170,4
s3171,0
s3172,0
s3175,0
s3179,1
s3180,5
s3181,5
s3187,0
s3189,3
s3190,5
s3191,4
s3192,0
s3194,1
s3196,1
s3198,1
s3199,5
s3201,1
s3202,1
s3203,0
s3204,0
s3206,8
s3207,1
s3208,1
s3210,0
s3211,0
s3212,0
s3215,0
s3216,0
s3218,1
s3219,5
s3224,4
s3225,1
s3227,0
s3228,4
s3229,0
s3230,9
s3234,1
s3236,4
s3238,0
s3240,0
s3245,0
s3249,1
s3251,0
s3252,1
s3254,8
s3255,1
s3257,0
s3261,0
s3262,2
s3263,4
s3265,4
s3266,1
s3267,5
s3268,0
s3269,1
s3273,5
s3274,3
s3279,1
s3281,1
s3286,0
s3290,0
s3291,4
s3297,2
s3298,0
s3300,1
s3301,0
s3303,1
s3304,8
s3306,0
s3308,4
s3309,0
s3310,4
s3312,1
s3313,0
s3316,7
s3318,5
s3319,9
s3320,5
s3321,9
s3322,5
s3323,5
s3324,9
s3325,9
s3327,0
s3330,0
s3332,5
s3333,0
s3335,1
s3338,5
s3339,3
s3344,5
s3348,4
s3349,0
s3354,0
s3355,0
s3357,0
s3359,1
s3360,0
s3363,0
s3367,8
s3372,0
s3373,4
s3380,0
s3381,0
s3384,2
s3385,1
s3387,5
s3388,1
s3389,0
s3390,4
s3392,2
s3393,1
s3399,0
s3403,1
s3406,0
s3408,0
s3410,4
s3412,1
s3413,1
s3414,1
s3420,0
s3422,4
s3423,0
s3424,0
s3425,1
s3426,0
s3428,0
s3429,0
s3430,0
s3432,1
s3433,0
s3435,0
s3439,2
s3440,1
s3442,0
s3444,1
s3447,0
s3449,0
s3451,0
s3452,5
s3457,9
s3460,0
s3462,1
s3466,1
s3472,0
s3473,6
s3476,6
s3477,4
s3478,0
s3479,0
s3481,5
s3483,5
s3485,0
s3487,1
s3488,2
s3495,4
s3496,0
s3497,0
s3498,0
s3499,0
s3501,0
s3504,0
s3507,0
s3508,0
s3510,0
s3512,0
s3513,0
s3514,5
s3515,1
s3517,1
s3518,5
s3519,0
s3521,1
s3523,1
s3524,5
s3529,0
s3531,0
s3532,0
s3533,1
s3534,1
s3537,1
s3538,1
s3542,1
s3543,0
s3545,6
s3546,1
s3549,0
s3550,5
s3555,0
s3556,5
s3557,1
s3558,0
s3560,0
s3561,0
s3564,5
s3565,1
s3566,5
s3567,1
s3570,0
s3573,0
s3575,0
s3583,2
s3584,1
s3587,0
s3590,0
s3591,0
s3592,0
s3594,1
s3595,0
s3596,0
s3603,0
s3604,7
s3606,1
s3614,0
s3615,0
s3617,1
s3618,0
s3619,1
s3620,0
s3621,0
s3623,0
s3624,0
s3626,0
s3627,1
s3631,1
s3632,1
s3635,0
s3638,0
s3639,1
s3640,0
s3642,0
s3646,0
s3647,0
s3648,1
s3649,1
s3650,1
s3651,0
s3653,0
s3654,1
s3658,1
s3659,1
s3662,5
s3663,1
s3669,0
s3671,0
s3673,0
s3676,0
s3680,0
s3694,0
s3699,0
s3700,1
s3702,0
s3704,1
s3707,0
s3710,5
s3712,0
s3714,1
s3716,0
s3718,4
s3719,0
s3720,0
s3721,0
s3729,0
s3730,0
s3731,1
s3732,0
s3734,0
s3735,4
s3736,0
s3740,1
s3741,1
s3748,5
s3754,2
s3757,5
s3758,0
s3759,0
s3760,0
s3762,0
s3764,0
s3765,5
s3766,5
s3767,3
s3768,5
s3769,0
s3772,0
s3773,0
s3774,1
s3776,0
s3777,1
s3782,1
s3784,0
s3786,0
s3787,1
s3789,0
s3791,0
s3792,0
s3794,0
s3798,0
s3799,1
s3801,0
s3805,1
s3806,0
s3814,0
s3816,0
s3817,0
s3819,5
s3820,0
s3821,5
s3823,0
s3826,4
s3830,8
s3831,1
s3833,0
s3834,0
s3835,1
s3837,0
s3842,4
s3843,0
s3859,0
s3861,0
s3863,0
s3864,4
s3866,0
s3867,1
s3869,5
s3870,4
s3872,0
s3873,3
s3874,0
s3875,1
s3876,0
s3878,0
s3886,0
s3889,0
s3890,0
s3891,5
s3895,0
s3900,1
s3904,4
s3905,0
s3906,4
s3907,0
s3909,4
s3911,0
s3912,1
s3914,0
s3915,1
s3916,1
s3917,1
s3918,1
s3919,5
s3920,0
s3922,0
s3923,0
s3924,0
s3927,1
s3929,0
s3930,1
s3931,2
s3933,1
s3936,0
s3940,1
s3946,1
s3949,0
s3951,1
s3952,0
s3953,0
s3955,1
s3956,0
s3958,0
s3960,1
s3961,1
s3963,1
s3964,0
s3967,4
s3973,0
s3974,5
s3975,5
s3976,1
s3978,0
s3979,0
s3983,0
s3986,0
s3991,1
s3992,1
s3993,0
s3994,0
s3995,5
s3996,0
s3998,5
s4000,0
s4001,2
s4003,0
s4004,0
s4005,0
s4006,4
s4008,0
s4009,0
s4010,0
s4011,0
s4012,1
s4014,1
s4018,1
s4019,1
s4020,0
s4021,1
s4022,0
s4025,4
s4032,1
s4034,0
s4035,0
s4037,5
s4038,0
s4039,1
s4040,1
s4041,0
s4042,0
s4046,0
s4047,1
s4048,0
s4049,0
s4052,0
s4054,0
s4059,8
s4060,1
s4061,8
s4063,5
s4065,0
s4066,3
s4067,0
s4068,0
s4069,0
s4070,1
s4071,5
s4072,1
s4073,5
s4074,1
s4075,5
s4076,1
s4077,1
s4078,0
s4079,0
s4081,0
s4082,5
s4083,0
s4084,0
s4086,0
s4087,0
s4088,0
s4089,5
s4092,0
s4093,5
s4094,0
s4095,1
s4096,4
s4098,0
s4099,0
s4101,0
s4102,0
s4103,1
s4104,1
s4105,0
s4107,1
s4108,0
s4109,1
s4111,0
s4113,1
s4114,0
s4116,0
s4121,0
s4122,5
s4124,0
s4125,0
s4129,0
s4134,0
s4135,1
s4137,0
s4139,7
s4140,7
s4147,4
s4148,5
s4149,0
s4152,1
s4153,1
s4155,0
s4156,0
s4158,1
s4159,0
s4160,1
s4161,1
s4162,1
s4165,0
s4166,0
s4170,0
s4174,0
s4175,0
s4178,1
s4181,1
s4182,0
s4183,0
s4187,1
s4189,1
s4191,0
s4192,1
s4193,0
s4194,0
s4195,0
s4196,0
s4198,0
s4199,0
s4205,0
s4206,0
s4209,5
s4210,1
s4211,1
s4212,0
s4213,1
s4215,5
s4218,3
s4220,1
s4222,0
s4223,0
s4224,7
s4225,0
s4226,0
s4229,0
s4230,0
s4232,0
s4233,0
s4234,0
s4238,0
s4239,0
s4240,0
s4244,1
s4245,0
s4247,0
s4248,0
s4249,0
s4250,1
s4253,0
s4256,0
s4260,0
s4263,5
s4268,0
s4269,4
s4278,4
s4279,5
s4281,0
s4282,0
s4283,0
s4284,0
s4285,0
s4286,0
s4287,8
s4288,1
s4290,5
s4292,4
s4293,4
s4294,0
s4295,2
s4296,5
s4298,1
s4300,0
s4302,0
s4304,0
s4307,4
s4315,0
s4316,1
s4318,2
s4320,2
s4322,0
s4325,0
s4329,1
s4330,1
s4331,0
s4333,0
s4334,0
s4335,1
s4336,1
s4337,1
s4338,5
s4339,1
s4340,1
s4342,1
s4343,0
s4344,1
s4346,0
s4347,0
s4349,0
s4350,0
s4352,5
s4353,9
s4355,0
s4356,2
s4358,0
s4359,0
s4361,0
s4362,0
s4365,9
s4370,5
s4371,0
s4374,3
s4375,0
s4376,1
s4378,0
s4379,6
s4383,0
s4384,0
s4386,4
s4389,5
s4391,3
s4392,1
s4393,0
s4395,1
s4396,1
s4397,1
s4398,0
s4402,1
s4403,0
s4405,4
s4412,1
s4415,0
s4418,8
s4419,4
s4420,0
s4421,1
s4422,1
s4423,1
s4424,1
s4425,1
s4426,1
s4427,1
s4428,1
s4429,5
s4430,1
s4432,1
s4433,1
s4434,5
s4435,0
s4436,0
s4438,1
s4439,0
s4440,1
s4441,1
s4442,0
s4443,1
s4444,1
s4445,5
s4446,0
s4447,1
s4448,0
s4449,1
s4450,1
s4451,0
s4452,0
s4453,1
s4454,0
s4455,1
s4456,1
s4457,1
s4458,1
s4459,1
s4460,1
s4461,0
s4463,0
s4464,0
s4465,1
s4467,3
s4468,0
s4469,4
s4471,1
s4473,2
s4474,0
s4478,0
s4481,0
s4483,0
s4485,2
s4487,0
s4491,0
s4493,3
s4494,0
s4497,1
s4500,0
s4501,0
s4503,0
s4506,0
s4507,0
s4508,0
s4510,1
s4511,0
s4513,0
s4516,1
s4520,4
s4523,4
s4525,4
s4526,0
s4527,1
s4529,2
s4533,0
s4534,4
s4538,2
s4539,0
s4540,4
s4541,0
s4545,0
s4546,0
s4548,4
s4549,0
s4553,4
s4555,1
s4557,1
s4558,3
s4559,1
s4560,1
s4561,1
s4562,1
s4563,0
s4564,5
s4566,1
s4568,1
s4569,1
s4570,5
s4572,1
s4573,1
s4574,1
s4575,5
s4576,1
s4577,1
s4578,1
s4579,1
s4580,1
s4581,1
s4582,1
s4583,1
s4584,5
s4585,1
s4586,5
s4587,1
s4588,1
s4589,1
s4590,9
s4591,9
s4592,0
s4593,1
s4594,1
s4595,5
s4596,1
s4597,1
s4598,1
s4599,1
s4600,5
s4601,1
s4602,1
s4603,5
s4604,1
s4606,1
s4608,5
s4610,1
s4611,0
s4612,1
s4613,1
s4614,1
s4615,5
s4616,1
s4617,3
s4618,0
s4619,0
s4620,0
s4625,0
s4627,0
s4631,0
s4642,0
s4643,0
s4647,0
s4650,0
s4657,5
s4658,2
s4660,0
s4661,1
s4662,0
s4665,0
s4666,0
s4667,0
s4668,1
s4669,0
s4670,5
s4672,0
s4676,0
s4680,1
s4681,1
s4682,1
s4684,0
s4686,0
s4687,0
s4688,1
s4689,0
s4691,1
s4692,1
s4693,1
s4694,2
s4695,1
s4698,0
s4699,1
s4700,0
s4701,1
s4702,0
s4706,5
s4707,0
s4708,5
s4709,0
s4713,5
s4714,1
s4715,0
s4716,5
s4719,0
s4720,0
s4721,5
s4722,0
s4723,1
s4724,1
s4725,1
s4726,0
s4727,1
s4728,1
s4729,5
s4730,1
s4731,1
s4732,1
s4733,1
s4734,1
s4735,1
s4736,1
s4737,1
s4738,5
s4740,0
s4741,0
s4746,5
s4747,1
s4749,0
s4750,0
s4752,0
s4756,5
s4757,0
s4758,0
s4761,3
s4766,3
s4769,1
s4770,1
s4771,8
s4774,0
s4775,0
s4776,0
s4780,0
s4782,1
s4783,1
s4784,0
s4785,5
s4786,0
s4787,0
s4788,0
s4789,0
s4790,1
s4791,1
s4792,0
s4793,1
s4794,1
s4795,0
s4796,5
s4797,1
s4798,1
s4800,1
s4801,1
s4803,0
s4804,0
s4806,0
s4807,0
s4809,0
s4811,1
s4813,4
s4815,0
s4817,0
s4818,0
s4820,2
s4823,0
s4824,0
s4826,0
s4827,0
s4829,0
s4830,2
s4831,0
s4834,0
s4835,0
s4836,0
s4840,1
s4841,0
s4843,0
s4844,0
s4848,0
s4850,0
s4851,0
s4852,1
s4855,1
s4856,0
s4859,0
s4861,0
s4862,2
s4864,0
s4865,0
s4867,0
s4869,1
s4871,0
s4872,1
s4873,0
s4874,6
s4876,0
s4877,0
s4879,0
s4881,1
s4882,0
s4883,0
s4884,0
s4885,0
s4886,0
s4887,1
s4889,0
s4890,0
s4891,0
s4892,3
s4894,9
s4900,1
s4902,4
s4903,0
s4905,1
s4906,0
s4908,1
s4910,0
s4913,1
s4916,0
s4917,5
s4918,9
s4919,0
s4920,5
s4921,0
s4922,0
s4924,0
s4928,4
s4929,1
s4930,0
s4932,0
s4933,0
s4935,0
s4936,0
s4937,1
s4938,1
s4939,0
s4940,0
s4941,0
s4944,4
s4945,0
s4946,0
s4948,1
s4949,5
s4951,0
s4953,1
s4954,1
s4955,1
s4956,5
s4957,1
s4959,4
s4960,0
s4961,0
s4963,0
s4964,0
s4966,4
s4967,4
s4969,1
s4970,0
s4971,0
s4972,0
s4973,0
s4975,0
s4976,1
s4978,5
s4983,2
s4984,0
s4987,0
s4988,0
s4990,0
s4991,7
s4992,1
s4994,0
s4997,4
s4999,1
s5002,0
s5003,0
s5004,0
s5007,0
s5008,1
s5009,5
s5010,1
s5011,4
s5012,1
s5013,5
s5014,0
s5015,5
s5016,0
s5017,0
s5018,0
s5019,0
s5020,0
s5021,1
s5022,1
s5023,0
s5025,0
s5026,0
s5029,0
s5032,0
s5034,5
s5035,0
s5038,0
s5040,0
s5041,1
s5042,1
s5043,0
s5045,1
s5048,2
s5051,0
s5052,1
s5054,0
s5056,5
s5057,1
s5059,0
s5060,0
s5061,0
s5063,0
s5065,4
s5067,0
s5068,0
s5072,1
s5073,2
s5074,0
s5075,0
s5077,0
s5078,1
s5080,1
s5081,1
s5082,5
s5084,1
s5085,1
s5087,0
s5089,0
s5092,2
s5093,0
s5094,1
s5097,1
s5101,0
s5102,4
s5103,4
s5105,1
s5107,1
s5108,0
s5109,0
s5111,0
s5112,5
s5114,0
s5115,0
s5116,8
s5117,4
s5118,0
s5122,8
s5123,0
s5124,2
s5125,0
s5128,0
s5130,0
s5131,1
s5132,1
s5134,7
s5135,0
s5136,0
s5137,0
s5138,9
s5143,7
s5144,1
s5145,7
s5147,0
s5149,0
s5152,2
s5154,0
s5159,1
s5161,9
s5162,5
s5163,5
s5164,5
s5165,0
s5168,4
s5172,0
s5173,0
s5175,7
s5177,0
s5178,0
s5180,4
s5182,4
s5184,2
s5187,5
s5188,0
s5189,5
s5190,8
s5191,0
s5197,0
s5198,4
s5199,2
s5200,3
s5202,1
s5203,4
s5204,4
s5205,0
s5208,0
s5212,0
s5213,0
s5214,0
s5215,1
s5218,1
s5219,0
s5221,5
s5223,1
s5224,0
s5225,0
s5227,0
s5228,0
s5229,0
s5230,0
s5231,0
s5235,0
s5236,0
s5239,0
s5242,7
s5249,1
s5250,0
s5253,0
s5256,1
s5261,0
s5262,0
s5265,10
s5266,0
s5267,0
s5268,4
s5269,1
s5270,9
s5271,0
s5274,6
s5277,0
s5278,1
s5280,0
s5283,0
s5284,0
s5291,1
s5293,0
s5294,0
s5295,0
s5297,1
s5301,1
s5303,0
s5304,1
s5305,1
s5307,0
s5309,0
s5310,1
s5311,0
s5312,8
s5313,1
s5314,0
s5315,0
s5316,1
s5317,0
s5318,4
s5319,0
s5320,0
s5323,2
s5324,0
s5326,0
s5327,0
s5329,1
s5330,0
s5331,0
s5332,1
s5333,4
s5334,1
s5335,0
s5338,1
s5341,7
s5342,2
s5343,0
s5344,0
s5345,4
s5347,0
s5352,0
s5354,9
s5359,0
s5360,9
s5362,0
s5365,0
s5369,0
s5370,0
s5372,0
s5373,0
s5374,0
s5375,0
s5376,7
s5378,0
s5379,0
s5380,0
s5382,1
s5386,0
s5388,1
s5389,0
s5390,3
s5392,5
s5395,0
s5397,1
s5399,0
s5401,5
s5403,1
s5409,1
s5412,5
s5416,0
s5417,0
s5418,0
s5420,0
s5421,5
s5424,7
s5425,0
s5429,7
s5430,5
s5431,0
s5432,5
s5433,0
s5436,1
s5441,0
s5442,1
s5443,0
s5444,4
s5447,0
s5448,1
s5449,5
s5450,0
s5451,1
s5452,5
s5453,0
s5454,0
s5455,0
s5456,1
s5461,1
s5462,5
s5463,1
s5464,1
s5467,5
s5469,0
s5470,1
s5473,1
s5474,0
s5475,0
s5477,1
s5479,0
s5481,0
s5482,1
s5483,1
s5484,0
s5486,1
s5487,0
s5488,2
s5490,0
s5491,0
s5492,7
s5493,0
s5494,0
s5496,0
s5497,5
s5498,0
s5499,0
s5500,1
s5501,1
s5502,0
s5503,0
s5505,0
s5506,0
s5507,0
s5508,0
s5512,0
s5513,0
s5516,1
s5517,4
s5518,0
s5519,0
s5523,0
s5525,0
s5526,0
s5527,5
s5528,1
s5529,1
s5530,0
s5531,1
s5532,1
s5533,0
s5534,1
s5535,0
s5536,4
s5537,0
s5540,0
s5541,0
s5544,0
s5545,0
s5546,1
s5547,0
s5548,1
s5550,1
s5551,0
s5552,0
s5553,0
s5556,0
s5557,0
s5558,0
s5560,0
s5561,1
s5562,0
s5563,0
s5565,0
s5566,1
s5569,0
s5571,3
s5572,4
s5573,0
s5574,5
s5575,1
s5577,0
s5578,0
s5580,0
s5582,5
s5583,0
s5585,0
s5587,0
s5588,1
s5589,0
s5590,0
s5591,0
s5595,1
s5596,0
s5597,6
s5598,6
s5600,0
s5601,0
s5605,0
s5606,0
s5607,0
s5608,0
s5611,0
s5614,0
s5615,0
s5616,0
s5617,5
s5618,1
s5619,1
s5620,0
s5621,0
s5622,9
s5623,0
s5624,0
s5625,1
s5626,0
s5627,0
s5628,0
s5629,0
s5630,1
s5631,0
s5632,0
s5633,0
s5634,5
s5635,0
s5636,0
s5638,0
s5639,0
s5640,1
s5642,2
s5643,1
s5644,7
s5645,0
s5646,3
s5647,0
s5648,0
s5649,3
s5650,0
s5652,0
s5653,0
s5657,0
s5658,0
s5660,7
s5661,1
s5662,0
s5664,0
s5665,0
s5667,0
s5675,5
s5677,5
s5679,0
s5680,0
s5682,8
s5683,1
s5686,0
s5688,0
s5689,1
s5690,0
s5692,0
s5694,1
s5695,0
s5697,1
s5698,5
s5699,1
s5702,0
s5703,0
s5705,0
s5706,1
s5707,0
s5709,0
s5710,0
s5711,1
s5712,0
s5713,0
s5714,0
s5715,0
s5718,0
s5719,0
s5720,1
s5722,0
s5725,0
s5727,5
s5734,0
s5736,0
s5737,6
s5738,1
s5739,5
s5740,1
s5741,0
s5743,0
s5744,0
s5746,0
s5747,0
s5748,0
s5749,5
s5750,1
s5751,1
s5755,0
s5756,0
s5757,0
s5759,0
s5761,0
s5762,7
s5765,0
s5766,0
s5768,0
s5771,0
s5773,0
s5774,7
s5775,0
s5777,1
s5779,0
s5780,0
s5781,0
s5785,0
s5793,0
s5794,0
s5797,1
s5809,1
s5810,0
s5811,0
s5816,1
s5817,5
s5818,1
s5819,1
s5820,0
s5821,0
s5825,0
s5827,1
s5829,0
s5831,0
s5832,0
s5833,4
s5834,0
s5835,1
s5836,0
s5838,0
s5840,0
s5841,0
s5842,2
s5843,0
s5847,0
s5848,0
s5849,0
s5852,0
s5853,4
s5858,5
s5859,4
s5860,0
s5861,1
s5862,5
s5865,2
s5866,3
s5869,0
s5873,0
s5874,4
s5875,4
s5876,0
s5877,0
s5879,0
s5880,1
s5881,0
s5882,1
s5884,0
s5885,0
s5887,0
s5888,9
s5889,0
s5890,4
s5891,0
s5892,0
s5893,0
s5895,1
s5897,1
s5898,5
s5899,0
s5900,0
s5902,1
s5904,4
s5905,0
s5906,0
s5908,0
s5910,0
s5912,0
s5913,1
s5914,0
s5916,0
s5917,0
s5918,0
s5922,0
s5925,0
s5928,0
s5929,0
s5931,5
s5932,0
s5935,5
s5936,0
s5937,8
s5938,3
s5939,0
s5942,3
s5943,1
s5944,0
s5945,1
s5946,1
s5947,5
s5948,5
s5949,5
s5950,0
s5951,5
s5952,1
s5953,1
s5954,5
s5955,0
s5956,0
s5957,0
s5958,0
s5959,2
s5960,2
s5961,4
s5962,1
s5963,0
s5964,1
s5966,4
s5967,1
s5969,1
s5970,1
s5971,1
s5974,1
s5976,0
s5977,0
s5978,2
s5980,5
s5981,1
s5982,2
s5986,0
s5988,11
s5989,4
s5991,4
s5992,0
s5993,2
s5994,2
s5995,0
s5996,0
s5997,2
s5999,1
s6000,4
s6001,4
s6003,0
s6004,4
s6005,0
s6006,0
s6007,2
s6009,2
s6010,5
s6012,1
s6013,4
s6014,1
s6015,0
s6016,11
s6018,4
s6019,2
s6020,4
s6021,1
s6022,4
s6023,0
s6024,4
s6025,1
s6026,5
s6028,4
s6029,1
s6030,3
s6031,3
s6032,4
s6033,4
s6034,5
s6035,4
s6036,1
s6037,4
s6040,4
s6041,1
s6042,8
s6043,4
s6047,4
s6050,2
s6051,0
s6052,0
s6053,4
s6054,5
s6055,11
s6056,0
s6057,2
s6058,4
s6059,5
s6060,2
s6061,4
s6062,2
s6063,3
s6064,0
s6066,3
s6069,0
s6070,3
s6071,0
s6072,0
s6073,5
s6074,1
s6075,1
s6076,1
s6077,5
s6079,1
s6080,5
s6081,7
s6082,2
s6083,0
s6084,0
s6085,0
s6086,2
s6087,4
s6088,11
s6089,4
s6091,1
s6092,4
s6093,1
s6094,11
s6098,0
s6099,4
s6100,0
s6104,1
s6105,4
s6107,1
s6108,1
s6110,5
s6111,0
s6112,3
s6113,5
s6114,3
s6116,4
s6117,6
s6118,0
s6119,8
s6120,0
s6121,4
s6122,4
s6123,4
s6124,4
s6125,8
s6126,7
s6129,1
s6130,0
s6131,1
s6132,1
s6134,0
s6135,4
s6136,4
s6139,0
s6141,1
s6142,0
s6143,4
s6144,4
s6145,4
s6146,0
s6148,4
s6149,0
s6150,4
s6152,6
s6153,6
s6154,6
s6155,6
s6156,1
s6158,5
s6159,0
s6160,0
s6161,0
s6163,4
s6164,4
s6165,2
s6166,0
s6169,1
s6170,5
s6171,5
s6172,2
s6173,0
s6176,0
s6177,1
s6180,11
s6181,2
s6182,3
s6183,1
s6184,1
s6185,1
s6186,2
s6187,3
s6188,4
s6189,2
s6190,0
s6191,11
s6192,0
s6193,1
s6194,1
s6196,1
s6197,1
s6198,5
s6200,4
s6201,2
s6202,0
s6203,1
s6204,1
s6205,1
s6206,4
s6208,11
s6209,11
s6210,0
s6211,4
s6212,4
s6213,4
s6215,0
s6216,0
s6218,1
s6219,1
s6221,6
s6222,6
s6223,6
s6224,0
s6225,1
s6226,4
s6227,11
s6228,0
s6230,0
s6231,1
s6232,0
s6233,1
s6235,9
s6236,9
s6237,9
s6238,9
s6239,9
s6240,7
s6241,9
s6242,9
s6243,9
s6244,9
s6245,2
s6246,1
s6247,5
s6248,4
s6249,4
s6252,2
s6255,5
s6256,1
s6257,0
s6258,3
s6261,2
s6267,2
s6268,2
s6269,1
s6270,1
s6271,2
s6272,3
s6273,3
s6275,0
s6278,0
s6279,1
s6281,0
s6283,0
s6284,3
s6285,8
s6286,1
s6289,5
s6290,5
s6291,1
s6293,1
s6294,1
s6297,1
s6299,1
s6300,0
s6301,1
s6303,0
s6304,2
s6306,3
s6307,4
s6308,0
s6309,3
s6310,4
s6311,11
s6312,4
s6313,5
s6314,0
s6315,1
s6316,0
s6317,4
s6318,1
s6320,0
s6321,1
s6322,0
s6323,4
s6326,2
s6327,0
s6328,4
s6329,0
s6331,2
s6332,4
s6333,4
s6334,3
s6335,0
s6337,4
s6338,4
s6339,10
s6340,2
s6341,4
s6343,4
s6344,2
s6345,4
s6347,0
s6349,8
s6350,0
s6351,1
s6352,1
s6354,1
s6355,3
s6356,1
s6357,0
s6359,4
s6360,0
s6363,0
s6364,1
s6366,0
s6367,3
s6368,0
s6370,0
s6371,3
s6372,1
s6373,0
s6375,0
s6376,0
s6377,4
s6378,2
s6380,4
s6381,0
s6383,5
s6384,5
s6385,5
s6387,0
s6389,0
s6391,2
s6393,0
s6395,0
s6396,1
s6397,4
s6398,4
s6400,1
s6401,0
s6403,0
s6404,1
s6409,1
s6410,0
s6411,8
s6413,4
s6415,2
s6416,4
s6419,5
s6420,0
s6422,1
s6423,4
s6424,4
s6425,2
s6426,4
s6428,2
s6429,0
s6430,0
s6432,11
s6434,3
s6436,0
s6437,5
s6438,2
s6439,5
s6440,1
s6441,1
s6442,1
s6443,8
s6444,3
s6445,1
s6446,2
s6447,3
s6448,2
s6449,6
s6450,5
s6451,4
s6453,0
s6454,5
s6455,1
s6459,4
s6465,7
s6466,1
s6467,6
s6468,0
s6469,4
s6471,0
s6473,11
s6474,6
s6475,4
s6476,0
s6477,3
s6479,5
s6480,8
s6481,3
s6482,3
s6483,4
s6485,1
s6486,5
s6487,2
s6489,4
s6490,0
s6492,0
s6493,2
s6494,5
s6495,0
s6497,3
s6498,2
s6500,0
s6501,4
s6502,4
s6503,4
s6504,2
s6511,2
s6512,2
s6513,5
s6516,1
s6517,4
s6518,1
s6519,4
s6523,0
s6524,0
s6527,4
s6528,0
s6529,4
s6530,0
s6531,1
s6534,1
s6535,3
s6537,3
s6538,1
s6540,8
s6541,4
s6542,0
s6544,2
s6545,4
s6546,4
s6547,1
s6548,0
s6549,3
s6551,3
s6552,0
s6553,11
s6554,1
s6555,0
s6556,4
s6558,5
s6559,0
s6562,0
s6563,2
s6565,0
s6566,4
s6567,4
s6568,0
s6570,1
s6571,11
s6574,0
s6575,5
s6576,4
s6577,0
s6578,1
s6579,1
s6580,2
s6581,1
s6582,12
s6583,5
s6584,4
s6585,4
s6586,0
s6589,0
s6590,1
s6591,4
s6593,4
s6594,4
s6596,0
s6597,1
s6598,4
s6599,1
s6600,0
s6601,0
s6603,5
s6605,1
s6606,1
s6607,5
s6609,11
s6610,2
s6611,1
s6613,2
s6615,1
s6616,0
s6617,1
s6618,4
s6620,2
s6621,0
s6622,5
s6623,3
s6624,4
s6625,1
s6626,2
s6627,4
s6628,0
s6629,0
s6630,1
s6631,4
s6632,0
s6633,4
s6634,4
s6635,4
s6637,1
s6638,2
s6640,3
s6641,3
s6642,2
s6643,2
s6644,3
s6645,2
s6648,8
s6650,5
s6654,1
s6655,1
s6656,2
s6657,1
s6658,3
s6662,3
s6663,2
s6665,2
s6666,0
s6667,1
s6668,1
s6669,5
s6670,0
s6671,4
s6676,1
s6681,0
s6683,4
s6684,1
s6687,5
s6688,0
s6689,5
s6690,0
s6693,2
s6695,1
s6697,4
s6699,4
s6700,1
s6701,0
s6702,4
s6703,2
s6704,4
s6705,0
s6706,11
s6707,1
s6709,4
s6711,3
s6712,4
s6713,0
s6714,4
s6716,2
s6717,4
s6720,4
s6722,11
s6723,4
s6724,1
s6726,0
s6727,5
s6728,5
s6730,0
s6731,0
s6734,1
s6735,1
s6736,4
s6737,0
s6739,1
s6740,11
s6741,0
s6743,1
s6744,4
s6746,0
s6747,6
s6748,11
s6749,7
s6750,5
s6752,0
s6753,5
s6754,4
s6755,4
s6756,4
s6757,1
s6758,0
s6759,1
s6760,4
s6761,0
s6763,11
s6766,4
s6768,2
s6769,1
s6770,0
s6772,0
s6773,0
s6777,4
s6779,4
s6780,0
s6781,0
s6782,6
s6784,1
s6785,6
s6791,2
s6793,4
s6794,4
s6795,4
s6797,0
s6798,3
s6799,3
s6800,4
s6801,0
s6802,0
s6803,5
s6805,4
s6806,4
s6808,1
s6809,4
s6810,3
s6811,5
s6814,4
s6815,5
s6817,0
s6818,0
s6819,3
s6820,0
s6822,1
s6824,5
s6827,4
s6829,5
s6830,5
s6831,0
s6832,0
s6833,5
s6838,3
s6839,9
s6840,4
s6841,3
s6843,2
s6844,2
s6845,1
s6846,0
s6847,0
s6848,2
s6849,0
s6851,1
s6852,0
s6853,1
s6854,6
s6855,2
s6856,1
s6859,3
s6860,5
s6861,11
s6862,3
s6863,3
s6864,0
s6865,5
s6867,2
s6868,0
s6870,4
s6871,1
s6873,4
s6874,1
s6875,4
s6876,4
s6877,0
s6878,0
s6879,3
s6880,4
s6881,4
s6882,0
s6883,4
s6884,3
s6885,4
s6887,4
s6888,1
s6889,4
s6892,0
s6893,0
s6894,3
s6897,4
s6898,0
s6903,8
s6904,0
s6905,0
s6906,1
s6909,1
s6910,3
s6911,2
s6912,1
s6913,1
s6914,4
s6915,1
s6916,4
s6917,1
s6919,8
s6921,0
s6922,11
s6925,0
s6926,4
s6928,4
s6929,4
s6930,1
s6932,8
s6934,5
s6935,11
s6937,5
s6940,0
s6941,0
s6943,0
s6944,4
s6945,2
s6946,4
s6947,0
s6948,0
s6949,1
s6950,2
s6951,0
s6953,3
s6955,4
s6957,4
s6958,2
s6959,4
s6960,1
s6961,1
s6962,0
s6963,0
s6965,0
s6967,1
s6968,1
s6973,5
s6974,0
s6976,1
s6978,2
s6981,5
s6983,0
s6984,0
s6985,0
s6987,1
s6988,0
s6989,1
s6991,2
s6992,2
s6993,3
s6994,1
s6995,3
s6996,1
s6998,4
s7000,1
s7003,4
s7004,11
s7005,0
s7006,2
s7008,0
s7009,3
s7010,2
s7011,1
s7012,1
s7013,5
s7014,3
s7015,2
s7016,4
s7019,2
s7021,1
s7022,2
s7023,8
s7024,5
s7026,0
s7027,4
s7028,4
s7031,0
s7032,0
s7033,4
s7035,0
s7036,0
s7037,3
s7038,1
s7039,1
s7041,1
s7043,4
s7044,4
s7045,2
s7047,1
s7048,4
s7049,2
s7050,3
s7052,0
s7053,4
s7054,1
s7056,3
s7057,11
s7058,3
s7059,13
s7061,4
s7062,2
s7063,1
s7064,0
s7065,0
s7066,4
s7068,3
s7069,11
s7071,2
s7072,2
s7073,3
s7074,3
s7075,0
s7076,3
s7078,4
s7079,3
s7080,1
s7085,2
s7087,1
s7088,4
s7089,5
s7090,1
s7091,1
s7092,2
s7094,0
s7095,7
s7096,1
s7097,1
s7098,3
s7100,1
s7103,0
s7104,3
s7106,0
s7107,1
s7108,11
s7110,1
s7111,3
s7113,0
s7114,4
s7115,1
s7116,1
s7118,1
s7119,1
s7120,1
s7122,4
s7123,0
s7125,2
s7127,4
s7128,1
s7129,0
s7131,4
s7133,3
s7137,2
s7138,0
s7140,0
s7141,1
s7142,0
s7145,1
s7146,3
s7148,2
s7150,2
s7151,4
s7152,2
s7153,2
s7154,1
s7155,6
s7157,2
s7159,1
s7160,5
s7161,1
s7162,5
s7163,0
s7164,1
s7165,3
s7166,1
s7167,0
s7168,1
s7170,1
s7171,2
s7172,5
s7173,11
s7174,1
s7175,1
s7176,1
s7179,4
s7180,4
s7181,0
s7182,0
s7184,1
s7187,1
s7189,5
s7190,1
s7191,1
s7192,4
s7193,0
s7194,4
s7195,1
s7196,4
s7198,4
s7199,4
s7200,0
s7201,1
s7202,0
s7203,4
s7204,2
s7205,2
s7206,0
s7207,4
s7208,11
s7209,2
s7211,2
s7212,4
s7213,5
s7214,4
s7217,1
s7219,4
s7220,1
s7221,2
s7222,8
s7224,2
s7225,1
s7226,0
s7231,7
s7235,4
s7237,11
s7238,4
s7239,0
s7240,4
s7241,7
s7242,5
s7243,5
s7245,4
s7247,0
s7248,5
s7249,0
s7250,5
s7251,0
s7253,2
s7254,0
s7259,1
s7260,1
s7261,0
s7262,4
s7263,2
s7266,0
s7268,1
s7270,0
s7271,4
s7272,4
s7273,1
s7275,3
s7276,9
s7277,9
s7278,9
s7281,0
s7282,2
s7283,3
s7284,0
s7285,1
s7287,4
s7289,9
s7293,12
s7295,5
s7296,0
s7297,1
s7299,4
s7303,0
s7304,1
s7305,5
s7306,4
s7307,4
s7309,2
s7310,1
s7312,1
s7314,7
s7315,7
s7316,3
s7317,2
s7321,11
s7323,1
s7324,2
s7327,4
s7328,4
s7329,2
s7330,0
s7331,3
s7333,4
s7334,0
s7335,1
s7336,1
s7337,11
s7338,1
s7345,0
s7346,0
s7347,1
s7348,1
s7351,0
s7352,1
s7353,1
s7355,4
s7357,0
s7358,1
s7359,5
s7361,1
s7362,1
s7363,0
s7364,1
s7365,5
s7366,4
s7367,0
s7368,4
s7370,2
s7371,11
s7372,0
s7373,1
s7374,0
s7375,0
s7376,7
s7378,9
s7379,1
s7380,5
s7381,1
s7385,5
s7387,1
s7388,5
s7389,5
s7390,0
s7391,4
s7392,4
s7394,0
s7395,1
s7396,2
s7397,1
s7398,1
s7399,0
s7400,2
s7401,0
s7402,1
s7403,0
s7404,4
s7408,0
s7410,5
s7411,4
s7412,4
s7413,5
s7416,3
s7417,3
s7418,3
s7420,1
s7421,11
s7422,0
s7423,1
s7424,1
s7425,0
s7426,1
s7427,5
s7429,5
s7430,0
s7431,4
s7432,4
s7433,5
s7434,0
s7438,5
s7440,4
s7441,0
s7443,2
s7444,2
s7445,0
s7446,4
s7449,0
s7451,1
s7452,4
s7453,3
s7455,2
s7457,4
s7459,1
s7461,3
s7462,3
s7463,0
s7465,2
s7466,2
s7467,1
s7470,0
s7471,11
s7473,0
s7474,5
s7475,4
s7476,0
s7477,0
s7478,4
s7479,1
s7480,4
s7482,2
s7483,4
s7485,4
s7487,3
s7488,0
s7489,3
s7490,7
s7491,7
s7492,7
s7493,7
s7494,7
s7495,7
s7496,7
s7497,7
s7498,7
s7500,7
s7501,8
s7502,7
s7504,2
s7507,4
s7508,4
s7509,4
s7510,1
s7511,4
s7513,1
s7514,12
s7516,4
s7517,2
s7518,2
s7519,1
s7520,1
s7521,2
s7523,1
s7524,2
s7525,5
s7526,3
s7527,3
s7528,11
s7531,5
s7532,5
s7533,5
s7534,1
s7535,1
s7536,2
s7537,0
s7540,2
s7542,9
s7543,9
s7545,1
s7546,0
s7547,2
s7549,0
s7550,4
s7553,5
s7554,3
s7556,0
s7558,1
s7559,11
s7560,1
s7561,0
s7564,8
s7565,3
s7566,1
s7567,4
s7568,4
s7578,4
s7579,5
s7580,3
s7582,2
s7583,1
s7584,0
s7585,4
s7586,4
s7588,2
s7591,5
s7592,0
s7593,3
s7595,7
s7596,5
s7597,5
s7601,8
s7602,5
s7603,5
s7604,5
s7605,8
s7606,1
s7608,5
s7609,5
s7612,5
s7613,5
s7614,5
s7615,8
s7616,5
s7619,8
s7620,2
s7621,2
s7622,0
s7623,4
s7631,11
s7632,0
s7634,4
s7635,4
s7636,6
s7637,4
s7638,5
s7639,2
s7640,2
s7642,0
s7643,4
s7644,0
s7645,0
s7649,5
s7651,0
s7652,1
s7653,1
s7654,1
s7655,1
s7656,5
s7657,0
s7659,0
s7660,2
s7661,5
s7662,3
s7664,0
s7666,0
s7668,4
s7669,0
s7670,3
s7671,11
s7673,0
s7677,0
s7678,0
s7679,0
s7681,1
s7682,0
s7683,5
s7684,0
s7685,2
s7687,0
s7688,0
s7689,1
s7691,2
s7692,1
s7695,0
s7696,4
s7697,4
s7698,5
s7701,0
s7702,4
s7703,5
s7704,0
s7705,4
s7707,1
s7708,5
s7712,4
s7713,5
s7715,4
s7716,0
s7717,3
s7718,1
s7720,1
s7721,0
s7723,5
s7724,0
s7725,3
s7727,0
s7728,0
s7729,4
s7731,4
s7732,0
s7733,3
s7735,3
s7736,2
s7737,1
s7738,0
s7739,1
s7740,1
s7742,0
s7743,5
s7745,0
s7746,0
s7747,0
s7749,5
s7750,1
s7751,0
s7752,4
s7753,1
s7755,3
s7756,3
s7758,0
s7759,0
s7779,7
s7789,7
s7790,0
s7792,1
s7793,11
s7794,4
s7795,1
s7797,0
s7798,0
s7800,0
s7802,1
s7803,4
s7804,1
s7805,4
s7806,1
s7810,2
s7812,2
s7815,3
s7817,3
s7818,4
s7820,5
s7821,4
s7822,1
s7824,1
s7825,1
s7826,5
s7827,3
s7828,1
s7830,5
s7831,1
s7832,0
s7833,0
s7834,1
s7837,1
s7838,5
s7840,2
s7842,0
s7844,0
s7845,2
s7846,1
s7847,5
s7850,0
s7852,4
s7853,5
s7854,4
s7855,2
s7856,2
s7858,4
s7859,0
s7860,0
s7861,4
s7862,11
s7864,4
s7865,5
s7866,4
s7867,11
s7869,4
s7870,1
s7872,0
s7874,0
s7875,1
s7876,1
s7877,1
s7878,1
s7880,3
s7881,3
s7882,3
s7883,3
s7884,2
s7885,4
s7886,0
s7889,1
s7890,4
s7891,0
s7892,7
s7895,4
s7896,4
s7897,5
s7899,0
s7900,0
s7901,4
s7902,2
s7903,1
s7904,3
s7905,1
s7906,1
s7908,3
s7910,11
s7911,1
s7913,2
s7914,1
s7916,0
s7917,1
s7918,1
s7919,5
s7920,0
s7921,4
s7922,0
s7923,1
s7924,5
s7925,1
s7926,0
s7927,5
s7928,1
s7929,2
s7932,1
s7933,1
s7934,5
s7935,8
s7936,2
s7937,1
s7938,5
s7939,1
s7940,1
s7941,1
s7942,0
s7944,1
s7945,1
s7946,0
s7947,0
s7948,0
s7950,2
s7951,4
s7952,4
s7953,3
s7955,5
s7956,4
s7957,2
s7958,4
s7959,4
s7960,5
s7961,2
s7962,4
s7963,4
s7964,0
s7965,3
s7966,2
s7967,2
s7968,5
s7970,2
s7971,5
s7972,5
s7973,5
s7974,5
s7975,5
s7976,1
s7977,5
s7978,5
s7979,5
s7980,5
s7981,1
s7982,2
s7984,0
s7986,4
s7987,4
s7988,4
s7989,13
s7990,4
s7991,0
s7993,1
s7995,0
s7996,1
s7997,5
s7998,1
s7999,2
s8000,1
s8002,4
s8004,2
s8005,0
s8006,9
s8007,9
s8008,9
s8009,1
s8010,4
s8011,3
s8012,0
s8013,1
s8014,0
s8015,0
s8017,8
s8018,0
s8019,4
s8024,1
s8025,5
s8026,2
s8027,0
s8028,0
s8029,4
s8030,4
s8033,2
s8034,0
s8036,2
s8037,4
s8038,3
s8039,4
s8040,4
s8042,4
s8043,2
s8044,4
s8046,2
s8047,4
s8048,1
s8050,0
s8051,11
s8052,2
s8053,2
s8054,4
s8055,0
s8056,2
s8057,4
s8060,3
s8061,0
s8064,3
s8066,2
s8068,2
s8069,3
s8070,1
s8072,4
s8073,4
s8074,0
s8075,3
s8076,3
s8077,3
s8078,0
s8079,0
s8080,1
s8081,4
s8083,2
s8085,0
s8087,5
s8088,4
s8089,1
s8090,4
s8091,1
s8092,0
s8093,5
s8096,2
s8099,5
s8100,0
s8101,2
s8102,2
s8104,3
s8106,4
s8107,4
s8109,11
s8111,3
s8112,0
s8113,11
s8114,0
s8115,1
s8116,0
s8117,0
s8119,0
s8120,0
s8121,0
s8123,7
s8124,0
s8125,5
s8127,4
s8128,4
s8129,2
s8131,2
s8132,1
s8134,0
s8135,0
s8137,5
s8139,4
s8140,4
s8141,4
s8142,0
s8143,4
s8145,5
s8146,1
s8147,4
s8150,0
s8151,0
s8152,6
s8153,6
s8154,1
s8155,7
s8157,5
s8158,0
s8159,3
s8160,3
s8162,5
s8164,0
s8165,0
s8167,4
s8168,2
s8169,5
s8170,0
s8171,5
s8172,0
s8173,7
s8178,0
s8180,4
s8182,7
s8184,3
s8185,3
s8186,0
s8187,0
s8188,2
s8189,4
s8191,3
s8193,1
s8195,0
s8196,4
s8197,4
s8198,4
s8199,4
s8201,1
s8202,0
s8204,1
s8205,0
s8206,1
s8211,0
s8212,0
s8213,4
s8214,4
s8215,8
s8218,4
s8219,0
s8220,2
s8221,2
s8222,2
s8223,2
s8224,4
s8225,0
s8226,2
s8227,2
s8228,1
s8229,2
s8230,2
s8233,2
s8234,0
s8235,1
s8237,4
s8238,3
s8239,0
s8240,5
s8241,0
s8242,1
s8243,4
s8245,0
s8246,1
s8247,0
s8248,3
s8249,5
s8250,1
s8252,4
s8253,1
s8254,2
s8255,0
s8256,1
s8257,4
s8259,3
s8260,4
s8261,5
s8262,4
s8264,4
s8265,1
s8266,0
s8267,3
s8268,0
s8270,0
s8271,0
s8273,4
s8274,1
s8275,1
s8277,4
s8280,0
s8281,5
s8282,0
s8284,4
s8285,2
s8286,4
s8287,0
s8289,4
s8290,0
s8291,0
s8292,4
s8293,4
s8294,0
s8296,0
s8297,4
s8298,1
s8299,4
s8300,1
s8301,0
s8302,3
s8303,0
s8304,4
s8305,3
s8306,3
s8307,0
s8308,2
s8310,4
s8311,0
s8313,2
s8314,5
s8315,4
s8318,1
s8320,0
s8321,4
s8323,0
s8324,2
s8325,0
s8326,4
s8327,1
s8328,1
s8333,1
s8334,4
s8336,2
s8338,4
s8339,2
s8340,1
s8342,2
s8343,0
s8344,0
s8345,0
s8346,4
s8347,1
s8352,4
s8353,3
s8355,2
s8356,2
s8357,2
s8359,0
s8360,8
s8361,3
s8362,3
s8363,4
s8364,0
s8365,0
s8366,2
s8368,0
s8370,2
s8373,2
s8375,5
s8376,2
s8378,4
s8381,3
s8382,3
s8383,0
s8384,4
s8385,2
s8386,4
s8387,0
s8388,5
s8390,3
s8392,1
s8394,4
s8395,3
s8396,3
s8397,4
s8399,4
s8400,4
s8402,4
s8403,3
s8405,2
s8406,2
s8407,2
s8409,1
s8410,1
s8411,5
s8413,1
s8414,2
s8415,4
s8416,4
s8417,4
s8418,1
s8419,0
s8421,4
s8426,0
s8427,4
s8428,0
s8431,3
s8433,5
s8435,2
s8436,3
s8439,0
s8442,3
s8444,4
s8445,5
s8446,2
s8447,4
s8448,11
s8449,4
s8450,2
s8452,2
s8453,2
s8454,4
s8455,3
s8456,6
s8457,4
s8458,3
s8459,4
s8460,0
s8461,0
s8462,6
s8464,0
s8465,4
s8466,3
s8467,6
s8468,0
s8469,1
s8470,2
s8471,0
s8473,5
s8474,2
s8478,5
s8479,0
s8481,0
s8484,0
s8485,0
s8486,1
s8487,2
s8488,4
s8489,11
s8490,2
s8492,0
s8493,2
s8494,4
s8495,4
s8496,4
s8497,4
s8498,2
s8499,4
s8500,2
s8502,3
s8505,0
s8506,0
s8507,1
s8508,2
s8509,11
s8510,1
s8512,2
s8513,2
s8514,4
s8515,0
s8516,3
s8518,4
s8521,1
s8523,4
s8526,4
s8527,4
s8528,4
s8529,1
s8530,1
s8531,8
s8532,2
s8533,2
s8535,4
s8536,4
s8537,0
s8538,4
s8539,1
s8541,2
s8543,4
s8544,0
s8547,0
s8548,2
s8549,2
s8551,1
s8553,4
s8554,3
s8555,2
s8556,5
s8557,1
s8559,4
s8560,1
s8563,5
s8564,0
s8565,2
s8566,5
s8567,1
s8569,0
s8570,1
s8571,5
s8572,1
s8573,2
s8577,5
s8579,0
s8580,0
s8581,2
s8582,7
s8583,11
s8584,11
s8585,0
s8587,0
s8588,5
s8590,1
s8591,0
s8592,1
s8595,6
s8596,1
s8599,2
s8600,0
s8604,2
s8607,1
s8608,2
s8609,11
s8611,2
s8612,0
s8613,0
s8614,0
s8615,4
s8616,2
s8617,2
s8618,4
s8619,4
s8622,2
s8624,3
s8625,2
s8626,2
s8627,2
s8628,4
s8629,1
s8630,5
s8631,0
s8632,0
s8635,0
s8636,6
s8637,4
s8638,4
s8639,4
s8640,5
s8641,1
s8642,3
s8643,4
s8644,1
s8646,0
s8649,0
s8650,4
s8652,4
s8653,11
s8655,4
s8656,3
s8658,1
s8659,4
s8660,2
s8662,2
s8663,1
s8664,1
s8665,4
s8666,0
s8667,1
s8668,4
s8669,4
s8671,2
s8672,1
s8673,1
s8675,11
s8676,2
s8677,4
s8678,5
s8679,4
s8681,1
s8682,1
s8683,11
s8684,1
s8686,0
s8687,0
s8688,1
s8689,0
s8690,4
s8692,4
s8693,5
s8694,2
s8695,4
s8696,1
s8697,2
s8698,4
s8699,1
s8700,1
s8704,4
s8705,1
s8706,0
s8707,4
s8709,0
s8710,0
s8712,0
s8714,0
s8715,7
s8716,4
s8717,0
s8718,0
s8720,1
s8723,2
s8725,1
s8726,4
s8730,2
s8731,4
s8732,4
s8733,0
s8734,0
s8735,0
s8736,4
s8738,1
s8743,2
s8744,2
s8746,6
s8749,11
s8751,4
s8752,4
s8753,1
s8754,0
s8755,4
s8758,2
s8761,0
s8762,1
s8763,0
s8765,2
s8766,4
s8767,2
s8768,2
s8769,4
s8770,0
s8771,1
s8772,1
s8773,1
s8774,5
s8775,1
s8777,3
s8778,5
s8779,5
s8780,5
s8782,7
s8783,2
s8787,8
s8788,5
s8789,0
s8790,5
s8791,13
s8792,4
s8793,11
s8794,3
s8795,1
s8799,0
s8800,1
s8802,0
s8803,4
s8805,4
s8806,3
s8807,1
